문장,긍정 확률,star,result
예전에 좋게 본 기억이 있어서 다시 봤는데 그냥 그랬어요어릴때라 재밌게 본건가 ,0.26177361607551575,6,2.0
순수했던 그때로 돌아간거같아 좋긴한데 나이를 먹으니 자꾸 그 뒤에 있는 인물들이 더 눈에 밟힌다 ,0.9704769849777222,7,7.0
다시 봐도 좋다 재개봉해서 행복  ,0.9922007918357849,10,10.0
재밌읍니다재밌읍니다 ,0.9906485676765442,10,10.0
쉽게 잊지 못할 모든 감정들 ,0.862163245677948,8,7.0
영상미 좋고 요즘 영화에서 찾아보기 힘든 그시절의 정서가 있으나 기대해서 그런가 스토리는 크게 감동이 없었다 ,0.12240376323461533,8,1.0
포스터 멋지네요 하하하 ,0.7524659037590027,7,5.0
영상이며 스토리며 연기며 다 좋았어요오랜만에 스크린으로 보니 더 좋네요 ,0.9916444420814514,8,8.0
사랑에는 희생이 따른다 나와 너를 포함해 주변 사람들까지도 그럼에도 진정한 사랑에는 그만한 가치가 있다고 믿는다 사랑을 믿는다면 ,0.9924283623695374,8,8.0
재개봉해서 보았습니다 재밌어요 ,0.9925104379653931,10,10.0
너무 기대를 해서일까 기대보단 아쉬웠습니다 ,0.03151454031467438,8,0.0
예전영화지만 여전히 재밌었네요 ,0.9920738935470581,8,8.0
재밌는 영화입니다 추천해요 ,0.9925364255905151,10,10.0
아름답고 찬란한 우리의 그 시절 싸우고 또 상처 받아도 결국 서로를 간절히 원하기에 우린 그것을 운명이라고 부르기로 했다 ,0.9924539923667908,10,10.0
좋은 영화 잘 봤습니다 ,0.9806391596794128,7,7.0
사랑 다시 불러도 뜨거운 순간 ,0.9880114197731018,10,10.0
모든 장면과 대사가 꿈결과도 같고 사랑 그 자체였다 ,0.9918256998062134,10,10.0
레이첼 맥아담스 너무 사랑스러움 ,0.9920362830162048,10,10.0
일반적인 로멘스 영화가 여름이나 크리스마스가 제철이라면 이 영화는 가을이 제철 같다 분명 풍요롭지만 어딘가 쌀쌀하여 옷깃을 여미게 하는그런 아름다움 ,0.9922685027122498,8,8.0
결혼전에는 그저 진부한 사랑 이야기 라고 생각했어요노아가 우린 늘 싸우겠지 그래도 널 사랑할거야 라는 대사에 지금 나의 배우자 모습이 떠오르면서 저절로 눈물이 났어요노아의 순수하면서 불같은 사랑의 모습에 절로 웃음도 나며 눈물도 나며 공감하며 보았습니다재개봉하면 또 보고싶습니다 ,0.9915804266929626,10,10.0
년전이라 남녀 주인공들 겁나 풋풋하네요 옛날 감성이지만 매력적이고 재미있네요 ,0.991636335849762,10,10.0
봐도 봐도 재미있는 영화 ,0.9921923279762268,9,9.0
누군가에겐 영원한 인생영화 ,0.9921076893806458,10,10.0
그냥 대놓고 약혼남만 불쌍한데 전혀 공감이 안됨 ,0.007627585437148809,4,0.0
말이 필요 없는 명작 재개봉 환영이네요 ,0.9923292994499207,9,9.0
이 영화가 벌써 년전 영화라니 감동은 여전하네요 ,0.7100254893302917,9,6.0
보편적이고 대중들이 좋아하는 요소가 많은 멜로물입니다 청소년기부터 죽음 직전까지 서로를 사랑하고 애틋하게 생각한다는 점이 인상 깊네요 그외에도 영상미와 연출이 낭만적인 부분이 꽤 많습니다 ,0.9914752244949341,10,10.0
옛날엔 재밌었는데 다시 보니까 올드함 ,0.803073525428772,10,8.0
모든게 완벽한 영화였다 이 영화를 지금 시기에영화관에서 본건 최고의 선택이었다 ,0.9921208620071411,10,10.0
다시 볼때마다 조금씩 다른 느낌으로 다가오는 명작 ,0.991891622543335,8,8.0
뻔하지만 좋았음 뻔해서 좋았을지도 ,0.9673407673835754,8,8.0
보고 싶었던 영화였는데재개봉하길래 바로 보고 왔네요잘 봤습니다 ,0.9924635887145996,10,10.0
뻔하지만 깊은 울림을 준다 ,0.9912452101707458,8,8.0
인생영화에요 썸타면  ,0.9857363104820251,10,10.0
아름다운 영상이 좋아요 ,0.9923309087753296,10,10.0
가끔 생각날 때 보는 영화 ,0.9857540130615234,10,10.0
다시 보는데도 너무 재미있었습니다 ,0.9920470714569092,10,10.0
그때 개봉년도 기준으로 띵작이였네요 연기도 멋지고 풋풋하고 찐사랑얘기 좋았어요 ,0.9925574064254761,8,8.0
아주좋아요 ,0.9897586107254028,10,10.0
그렇게 치고 박고 싸우면서도 그럼에도 사랑한다고 그래도 사랑할 거라고 말하는 남자 주인공의 말에 이런게 사랑이구나 라고 느꼈다 ,0.992424488067627,8,8.0
멜로영화의 정석이라 할수있는 영화 ,0.9908722043037415,10,10.0
나의 인생영화  저런사랑이 하고싶습니다 ,0.9923352599143982,10,10.0
좋아하는 영화에요 몇 번 째 보는지 ,0.9923755526542664,10,10.0
인생 최고의 영화 평점이 무의미 ,0.9913886189460754,10,10.0
생각보다 그렇게 극찬할정도는 아닌거 같은데 ,0.11406604945659637,8,1.0
어디가서 다시는 만나지 못할 제게 특별한 사람을 이 영화를 함께 보고 만나게 되었습니다 특별할 것 없는 이야기인 것 같은데 왜인지 가슴이 뜨거워지고 벅찬 영화였습니다 나이가 들어서도 지금처럼 열렬히 은은하게 오랫동안 사랑할 수 있기를 사랑하는 사람을 어렵게 찾았고 만나게 되었듯이 오늘이 마지막 날인 것처럼 늘 서로 아껴주고 사랑하며  살아갈 수 있기를 난 비록 죽으면 쉽게 잊혀질 평범한 사람일지라도 영혼을 바쳐 평생 한여자를 사랑했으니 내 인생은 성공한 인생입니다노아 내 인생 마지막 즈음에 노아와 같은 고백을 할 수 있게 되는 우리가 되기를 ,0.9907384514808655,10,10.0
고등학교때 번을 넘게봤던 영화인데 영화관에서 여자친구랑 볼수있어서 너무좋았는데 그때 그시절 느꼈던 감정보다 지금 옆에 있는 여자친구와 보는 그감정은 정말 아름다웠습니다 이영화정말 인생최고의 영화입니다 ,0.9916204214096069,10,10.0
언제 봐도 좋은 영화 ,0.992385983467102,10,10.0
레이첼 맥아담스가 너무 이뻤다 ,0.98178631067276,7,7.0
이건 뭐 말이 필요없는 죽기전 꼭 봐야할 영화중 하나죠극장에서 본건 오늘이 처음인데 늘 다시 봐도 좋네요다들 코로나 조심하세요 ,0.9920263886451721,10,10.0
 스토리도 최고지만초반에는 앨리의 연기에빠져있었고부모님의 눈빛과 연기시네마 의 큰 스크린에서는 모든게 담겨보이는 영화였다약혼자도 얼마나 억울했을까 하지만 그녀를 보내주었다나이들수록 보이는게 많아져 번째 보는 어제 밤이 가장인상깊고 재밌었다노아가 죽기전 퇴원하자마자 입떨며 앨리에게 다가가는 혼신의 힘을 보고 눈물이 왈칵 ,0.9919708967208862,10,10.0
오랜만에 다시 보니 너무 감동적이었어요 ,0.9919320940971375,10,10.0
감정이입이 된다면 너무나도 몽환적인 영화같다일어날수있을것같은데 주인공이나였더라도가능했을까 꿈만같은데 안되겠지정말 깊은 첫사랑을 경험했다면용기 혹은 후회 혹은 아름답다다양한 감정을 느끼게해줄영화정말 아프지만 아름다운 꿈같은데 가능할것같지만믿을수없는 영화강하진 않은데 임팩트있는 영화라고생각합니다 ,0.9921777844429016,10,10.0
감동과 여운이 극장 나와서도 계속됩니다 ,0.992171049118042,10,10.0
내 최애 영화를 처음으로 영화관에서 봅니다 함께 보고싶었던 사람의 빈 옆자리와 함께 혼자 보았어요 그사람이 이 영화를 꼭 보길 바래요 세상에서 무엇이 제일 중요한지 깨닫길 바랍니다 ,0.9923378825187683,10,10.0
기대를 너무 했던 탓인지 기대에는 조금 못미쳤다 휴지 준비해갔는데 울지않음 ,0.031286437064409256,7,0.0
가슴이 촉촉해지는 영화 ,0.9919158816337585,10,10.0
사귈때 처음보고 헤어지고 또 보니 눈물이 안멈추는 영화 ,0.8365865349769592,10,8.0
예전 영화지만 재개봉으로인해 처음봐요  지루할까 걱정했는데 시간지나가는줄 모르고 너무 감동적이였어요 ,0.991881787776947,10,10.0
진부하다고는 할 수 없으나 예상 가능한 스토리와 감동이라 감정의 파도가 몰아치는 정도는 아니었다배우들의 연기와 비주얼은 짜릿했음 ,0.992520809173584,8,8.0
앨리의 웃음이 너무 순수하게 행복해보여서 다시 찾게되는 영화 ,0.9916222095489502,10,10.0
라이언 수염 없으면 아쉬운데 중간에  기름 ,0.36533817648887634,10,4.0
어떻게 보면 불륜미화영화라고 볼 수 있지만 재밌게 봤음 ,0.9921479821205139,8,8.0
진짜 미쳤어노아 앨리 ,0.3693579137325287,10,4.0
년동안 옛 첫사랑을 못잊은사람이에요그래서 노트북을 보고싶어했었는데 더못잊겠어요 앞으로 년을 더기다려보겠습니다 ,0.9880309700965881,10,10.0
오랜만에 보니까 또 다르게 느껴지는 느낌이네요 사랑과 연애에 대해 여러 생각을 하게 만드는 영화입니다 ,0.9915624260902405,10,10.0
초반에는 연애하고 싶고 후반에는 사랑하고 싶은 영화 ,0.9828166961669922,10,10.0
예상 가능한 반전이지만 재밌어요 ,0.992436945438385,10,10.0
뻔한 사랑이야기같지만 뻔하지 않은 사랑과삶에 관한이야기 ,0.992393970489502,9,9.0
누군가의 인생영화 누군가의 로맨스사랑은 이처럼 ,0.9921126365661621,10,10.0
최근의 상황과 심정을 대변해주는 영화 ,0.9361206293106079,10,9.0
인생영화 인생영화 인생영화 왜 이걸 지금봤지 ,0.9908369779586792,10,10.0
년전에는 이런감동 못느꼈습니다근데 년이 지난 지금은첫사랑이 끝사랑이된 저 커플이 참 부러워요저런 사랑 평생 못하겠죠 ,0.9923545122146606,10,10.0
노아는 진국인 남자이긴하나  약혼자입장에선 억장와르륵 ,0.1122191771864891,9,1.0
몇번을 봐도 좋네요 ,0.9923179149627686,10,10.0
재개봉해서 봤는데 레이첼 사랑스러움 미쳤다 진짜 과즙미 뿜뿜 웃는거 너무 예쁘고 컬러풀한 옷들도 찰떡같이 소화함   라이언고슬링 어림  판타지 같은 이야기라 생각했는데 실화라해서 놀랐고 오리떼가 가 아니라니 약혼자와 미망인의 입장에선 쓰레기같은 상황이겠지만 앨리와 노아로만 본다면 완벽한 사랑영화 ,0.9918816685676575,10,10.0
개인적으로 너무감동입니다 ,0.9922676682472229,8,8.0
둘의 짧지만 강렬했던 여름의 장면이 풋풋했다 ,0.9917839765548706,10,10.0
인생이 무엇인지 좀씁쓸합니다 ,0.9109228849411011,10,9.0
이걸 왜 이제 관림했는지너무 좋았습니다  ,0.971143364906311,8,8.0
앨리 약혼남 불쌍여주 얼굴 보는 맛이있고딱 잔잔하게 차분하게 볼 수 있었어요음 저는 여주 어머니가 인상깊네요나도 이런 사랑 하고싶다 ,0.9924535155296326,10,10.0
나다울때의 모습을찾아 첫사랑을만나는것이 정말아름다웠습니다노후까지함께하는 사랑하는 부부의 모습에 뭉클했습니다영상미도 세련되고 여주인공이 너무예쁩니다풋사랑의 진가를 잘표현하여 저도사랑하고싶어집니다 ,0.9910014271736145,9,9.0
눈물나가지고 참아가면서 봤는데 끝날때쯤엔 영화관에 있는 사람들 다 훌쩍거리면서 봤네요 스토리에 아주 특별할 건 없는 고전적인 로맨스지만 수많은 뻔한 로맨스 중에서도 최고 ,0.9922806024551392,10,10.0
내 생애 최고의 영화 중 하나 ,0.9806249141693115,10,10.0
재밌게 보고가용 여운이 길게 남는듯 ,0.9922966361045837,9,9.0
내생에 최고의 멜로영화 ,0.9828296303749084,9,9.0
이걸 왜 이제야봤는가 ,0.992455005645752,10,10.0
굿 아주 재밌네요 한번 더 볼래요 ,0.9924747347831726,10,10.0
볼만했음자자 ,0.9399158358573914,10,9.0
 쟈맜었어요 짠짱 엄총 ,0.9920254349708557,10,10.0
젊은날의순수한사랑이 긴인생의 힘으로 나타나는영화 ,0.9910866618156433,10,10.0
나도 치매걸리면 어카징  ,0.2873460054397583,10,3.0
사랑하는 사람과 함께 보면 좋을 영화 ,0.9920108914375305,9,9.0
재미있어요열자 ,0.9904650449752808,10,10.0
론의 입장에서 생각하게된다 ,0.771713137626648,3,2.0
다시 봐도 멋진 노아 그리고 사랑스러운 앨리 ,0.9919557571411133,10,10.0
인생영화 등극 ,0.9916316866874695,10,10.0
안보았음후회될뻔한 영화돈이 아깝지않다는 생각 ,0.4806417226791382,10,5.0
아름다운 영화 ,0.991374671459198,8,8.0
레이첼맥아담스는 언제봐도 사랑스러워 ,0.9923393726348877,10,10.0
아름다운영화입니다즐거웠어요 ,0.9923726320266724,10,10.0
최고의 영화입니다 배경 배우 연기 내용 등등 빠질 거 없이 완벽한 영화라고 말하고 싶습니다 ,0.9918249249458313,10,10.0
영화 같은 결말 현실은 다르다 ,0.7870305776596069,8,6.0
재밌음 심야로봤는데 안졸았음 ,0.865227460861206,10,9.0
진짜 재미있었음 또 보고 싶다 여자 주인공 매력이 넘친다 ,0.9918258190155029,10,10.0
시부모님 결혼기념일에 선물로 이영화 예매했네요두분 연애하셨을때 추억 다시 기억나시라고 했는데 두분 다 너무 잘보셨다고 좋아하셨어요 ,0.872700572013855,10,9.0
너무 좋은 여운이 강하게 남은 영화입니다 ,0.9919107556343079,10,10.0
보다가졸다가나와씅 ,0.008157598786056042,10,0.0
정말 좋은 영화 감성 풍부 ,0.9924045205116272,10,10.0
명작 중의 명작 너무 좋은 영화라 두고두고 계속 보고 싶은 영화 ,0.9919078350067139,10,10.0
정말 재미있거봤네요 시간잘갓읍니다 ,0.9538642168045044,10,10.0
라면먹고갈래들에게는보여주기싫은영화 ,0.013213306665420532,8,0.0
같이 봤던 사람이 앨리랑 너무 겹쳤다옆을 보고싶었지만 보지못했다하지만 영화 덕분에 지금은 볼 수 있다 ,0.9384914040565491,10,9.0
정말 지루했던 시간이었다 ,0.0072363633662462234,1,0.0
너무 뻔한 스토리 그래도 감동적 ,0.6866590976715088,9,6.0
완전 재밌습니다 너무 재밌습니다 ,0.9920427203178406,10,10.0
사랑의 위대함 두번째보는 영화 ,0.9897178411483765,10,10.0
레이첼 맥아담스 너무 너무 너무 예쁘다 ,0.992427408695221,6,6.0
재개봉한 영화중 인생영화 찍은듯 ,0.9910263419151306,10,10.0
최고의 멜로영화 입니다 ,0.9924861192703247,10,10.0
재밌어요 십자십자 ,0.9924920201301575,8,8.0
재개봉해서 넘 좋았어요  ,0.9922741055488586,9,9.0
인생 로맨스정말 사랑합니다 노아 ,0.992416501045227,10,10.0
오랜만에 봤는데 여전히 명작 ,0.992062509059906,10,10.0
재개봉인데도 영화관을 찾게하는 힘 ,0.8471832871437073,10,8.0
너무 뻔하지만너무 감동스런 이야기그들의 사랑이 아름답고 부러워서 훌쩍 했네요 ,0.9920370578765869,9,9.0
너무나 아름다운영화 강추 ,0.9920990467071533,10,10.0
너무나도 즐겁게봤습니다 ,0.9920715689659119,10,10.0
년에 처음 영화 노트북을 보고 이번 재개봉 때 다시 봤습니다 두 번다 너무 감동적이었고 로 또 볼겁니당 ,0.9918683767318726,10,10.0
어느 누군가에겐 명작이라해서 추천받아 재개봉으로 본것인데 한편으론 부러우면서 약혼자입장서 보면 속터지는 영화 ,0.6197170615196228,8,5.0
재밌었다 후후 나도모르게눈물이 ,0.9919875860214233,10,10.0
너무 아름다운 젊은 날과 노년의 사랑나도 저런 사랑을 하고싶다 ,0.9920675754547119,9,9.0
옛날영화지만 정말 최고인거같습니다 여자친구와봣는데 정말 울컥하고 연인간의 공감대형성을 시켜주는그런 대작인거같습니다 ,0.9914429783821106,10,10.0
여년전 영화를 봤을 당시와는 또 다른 느낌이라 새로웠다 남녀 주인공의 연기가 실제라고 해도 믿을만큼 너무나 자연스러웠다 ,0.9921978116035461,8,8.0
완전 감동완전 강추요 ,0.9921274185180664,10,10.0
재개봉하면서 봤지만 정말 사랑스러운 영화 한편의 드라마 같았어요 ,0.9918156266212463,8,8.0
존잼 꿀잼 후히호하류사 ,0.8756169080734253,10,9.0
재미있었고 또보고싶은 영화입니다 ,0.9917747974395752,9,9.0
적당히 감동이 있는영화 ,0.9925051927566528,8,8.0
보는 내내 가슴이 먹먹하다가 움찔했다가 ,0.9920400381088257,10,10.0
주인공들 연기 케미 최고 ,0.9923261404037476,8,8.0
훌륭한 명작영화입니다 ,0.9923147559165955,10,10.0
이런 사랑이 나에게 있었을까 싶었던 영화 ,0.9879658818244934,9,9.0
명불허전 감동적인 영화 ,0.992318868637085,10,10.0
그저 사랑이라는 정서 하나로 모든 것을 풀어내는 게 대단하기도 조금은 식상하기도 하다 ,0.32287418842315674,7,2.0
아주 아름다운 사랑의 얘기  한편 잘봣어요 ,0.9924726486206055,8,8.0
인생을 다시한번 돌아보는 좋은기회였네요  부부의 사랑이 무엇인지도 ,0.9916276931762695,10,10.0
역시나 보길 잘 한 영화  번을 봐도 새롭게 다가오는 영화 ,0.9920217394828796,10,10.0
역시 재개봉하는데에는 이유가 있네요 ,0.9109066724777222,9,8.0
본능으로의 회귀 현실과 타협 불과 ,0.28951048851013184,10,3.0
잔잔 무난 마음이 아름다워지는영화 ,0.9920708537101746,8,8.0
완전굿입니다 다시보고 싶어요 ,0.9922812581062317,10,10.0
명불허전 로맨스 영화 제목이 왜 노트북일까 ,0.9204002618789673,10,9.0
추천합니다 정말로 굿굿 ,0.9925251007080078,10,10.0
다시봐도 감동있는 영화 거조해진 마음속을 간만에 다시 채워주네요 ,0.9920523166656494,9,9.0
감동적이고 재밋었어요 ,0.9920337796211243,10,10.0
역시 명불허전입니다 재개봉영화 추억추억 ,0.9920060038566589,10,10.0
다시금 누군가가 마음에 차오르게 만든 영화 ,0.9918146729469299,9,9.0
재밌어요  한 사람만 평생 사랑하는 마음이 너무 뭉클햇어요 ,0.9917746186256409,10,10.0
재미있습니다 ,0.9915112853050232,10,10.0
로맨스 최고의 영화입니다 ,0.991199791431427,10,10.0
라라랜드에 노아가 나오는군요 다시 봐도 재미있는 인생영화입니다 ,0.9920008182525635,10,10.0
괜찮게 봤어요 ,0.992485761642456,10,10.0
너무감동적인 영화였어요 아주오랜만에 울컥했네요 노아와 앨리만큼 사랑했으면좋겠어요 ,0.9916245341300964,9,9.0
누군가를 열렬히 사랑하고 사랑받는다는건정말 기쁘고 부러운 일이다 ,0.9924271702766418,9,9.0
다시봐도 명작이네요 재밌게 봤습니다 ,0.991904616355896,10,10.0
좋아요 강추합니다 두번보세요 ,0.9925025701522827,10,10.0
예전에 년 개봉때 못봐서 재개봉한다고 해서 반가웠는데 영화 예쁘고 좋았음 나이가 들수록 새롭게 느껴질 수 있는 영화인듯 ,0.9915874600410461,7,7.0
보세요오세요보세요응 ,0.7877307534217834,10,8.0
여자친구랑 같이봤는데 정말 좋았습니다  ,0.9920654892921448,10,10.0
강추입니다꼭보세요 ,0.9918832778930664,10,10.0
진짜 너무 재밋고 계속보게되요 ,0.9919407963752747,10,10.0
로맨틱한 내용으로 한번쯤 원없이 사랑해보고싶은 느낌이 드는 영화입니다 ,0.9918676018714905,10,10.0
꾸우우우우울잼입니다 ,0.42946624755859375,8,3.0
    힝 이 부분에서 울었어요 저렇게 말할수 있는 남자가 세상에 또 어딧을까요 ,0.9923388957977295,10,10.0
재밌는데 너무 옛날 영화 그리고 외국 소재라서 조금 현실감이 떨어지고 몰입하기에 부족한 점 뺐습니다 ,0.8687469959259033,8,7.0
상투적이었지만 나도 모르게 노아 정서에 공감되어가는 ,0.9355239868164062,8,7.0
다시봐도 추억돋는 ,0.9923703670501709,10,10.0
아재라차배라차미멐러갸즡 ,0.6677853465080261,10,7.0
오랜만에 설레고 눈물나게 잘 봤습니다 ,0.9918711185455322,8,8.0
좋은 사람과 좋은 영화를 보는건 정말 행복합니다 뒤에 재개봉하면 또 볼께요 ,0.9924944639205933,10,10.0
노트북 마지막 너무 슬펐다 감동을 주는 그리고 사랑이 무엇인지 일깨워주는 영화였다 영화관에서 보고 돈이 아깝게 느껴지지 않았던 그 날  이 댓글을 적으며 다시 떠오른다  ,0.9919865131378174,10,10.0
예비신랑과 보고왔는데 눈물콧물 서로 닦아주며 손 꼭 잡고 한동안 걸었다 명불허전 로맨스 영화 ,0.9921554923057556,10,10.0
굳굳 최고의 영화라 단언합니다 ,0.9924800395965576,10,10.0
너무나 아름다운 레이첼의 미소 ,0.9923513531684875,10,10.0
역시 노트북이다 번봤내 ,0.9304878115653992,10,9.0
너무나 재미 있었음사랑과 인생에 대해 많은 생각을 했응 ,0.9918602108955383,10,10.0
너무 감동적이었습니가 ,0.5368559956550598,10,5.0
짱재밋어요친구랄같이봣네요 ,0.9923413991928101,10,10.0
배경이랑 영화의모든 것이 다이뻐요 ,0.9849556088447571,10,10.0
최고 명작 꼭봐야하는 영화 ,0.992030143737793,10,10.0
인생영화 왜 이제야 봤을까 ,0.9923515915870667,10,10.0
인생 로맨스 영화뻔한 스토리긴하지만 감동적이다 ,0.9924808740615845,10,10.0
꿀잼 꼭봐야함   ,0.9918179512023926,10,10.0
영상 스토리 가 감동적이에요 ,0.9925105571746826,10,10.0
추억이 새록새록 너무나 아름다운 영화 ,0.9918414354324341,9,9.0
오랜만에 느낄수있었던 로맨스 영화였네요 사랑스럽기도 하구요 딸램이가 더  좋아하네요 잘봤습니다 ,0.9920142292976379,10,10.0
영상미 좋고 엘리와 노아의 사랑에도 감탄  엘리가 너무나 부러웠다  ,0.9919829964637756,10,10.0
지인의 권유로 본영화  기슴뭉클한 사랑 이야기 나에게도 기적이 일어나길 ,0.9899489879608154,8,8.0
최고의 감동영화첫사랑은 이루어진다  ,0.9845404028892517,10,10.0
실화여서 여운이 짙은 영화 ,0.9922615885734558,10,10.0
학생때봤을땐 그 둘만의사랑만보였지만이젠 그외의 상처받는사람들까지 보이네요그래도 정말좋은 영화 ,0.9922318458557129,9,9.0
이미 예전에 본 영화지만 그땐 영화관이 아니었습니다 영화관에서 보니 정말  노트북의 매력에 더 빠지게 되더군요 ,0.9302825331687927,10,9.0
여자친구가 너무 좋아하네요 ,0.9924496412277222,8,8.0
잔잔하고 이쁜 영화엿다 ,0.9924535155296326,8,8.0
인연은 언제고 어떻게든 어떤 모습으로든 그사람과 함께 할수 있는 시간을 만들어 주는거 같아요 보는 내내 행복했습니당 ,0.9924528002738953,10,10.0
나무 감동적인 영화 ,0.9243084788322449,10,9.0
재개봉해서 보러갔어요 볼 때 마다 행복한 영화에요 ,0.9920404553413391,10,10.0
감동적입니다 강추 ,0.9924420118331909,10,10.0
보통 결말 보고 좀 찜찜 했습니다 ,0.031017770990729332,8,0.0
뻔한내용이지만 그래서 좋앗어요  ,0.9923689365386963,9,9.0
봤다고 생각했던 영화 ,0.9835776090621948,10,10.0
제 인생영화 입니다 정말 꼭 한번 봐야합니다 ,0.9922210574150085,10,10.0
 재개봉할만한영화입니다 ,0.9805998206138611,8,8.0
이 영화로 남자친구를 만들었어요 ,0.5461726784706116,9,5.0
어떤게사랑인지알려주는작품 ,0.9807603359222412,10,10.0
넘나 지루함 그래도 사랑에 대해 다시한번 생각 해볼 수 있는 영화였음 ,0.7591855525970459,5,4.0
마음깊숙히감동을주는영화 ,0.9920658469200134,10,10.0
영화 재밌고 좋았습니다 ,0.992259681224823,9,9.0
사람이 사랑 앞에서만큼은 이기적이어도 되나봅니다세 아재도 울컥하게 만드는 감동 러브 스토리 ,0.9921405911445618,10,10.0
뜨겁게 사랑을 해보고 싶어지는 영화 ,0.9918287396430969,10,10.0
영화관에서 다시 보니까 너무 좋았습니다 ,0.9922018051147461,10,10.0
잼있음 노아 같은 놈도 없다 ,0.9925123453140259,10,10.0
진짜는 진짜다 역시는 역시다 ,0.9812907576560974,10,10.0
좀더 열심히 사랑해야겠다는 생각이 드네요 ,0.78116375207901,10,8.0
말이필요없다 레이첼너무좋아 ,0.9920946955680847,10,10.0
띵작 옆에있던 친구가 오열함 ,0.846373975276947,10,8.0
조금 재미있었씁니다  ,0.4641225039958954,9,4.0
엄청난 호평에 엄청 기대하고 갔는데 사실 많이 와닿는 영화는 아니었네요 ,0.039321187883615494,8,0.0
인생영화 감동적이고 슬프고 아름답다 이런연애만 할수있으면 좋겠다  ,0.9925234913825989,10,10.0
재밌습니다 감동적입니다 ,0.9923824667930603,9,9.0
또 봐도 여운이 가시질 않네요 많은걸 느끼게 해주는 영화한번쯤은 꼭보세요 ,0.9916185736656189,10,10.0
기대햇던거 만큼 진짜 재밋엇러요 ,0.9920955300331116,10,10.0
이런 사랑한번 해봤으면죽어도 좋다 ,0.6226944923400879,10,6.0
좋은 영화 입니다재밌게 봤어요 ,0.9924350380897522,8,8.0
넘 가슴 따뜻한 영화였습니다 ,0.9919303059577942,10,10.0
년만에 다시봤네요 가을에 잘어울리는 영화입니다 ,0.991584062576294,10,10.0
내 생에 최고의영화 ,0.9669965505599976,10,10.0
그냥 인생영화죽을때까지 평생 소장하고싶은영화 ,0.992460310459137,10,10.0
재밌게봤어요 추천합니다 ,0.9923882484436035,8,8.0
아련한 느낌을 받은 영홥니다 ,0.8000050187110901,10,8.0
영화관에서 오랜만에 울었다 ,0.9912238121032715,9,9.0
늘 봐도 여전한 감동입니다 ,0.9922593235969543,7,7.0
인생 최고의 영화 아름다운 영화입니다 ,0.9922742247581482,10,10.0
관람객 평점을 작성하시면네이버페이 포인트 원을 드립니다 ,0.2524207830429077,8,2.0
추천을 받고 받다 이날 처음 봤다 인물들에게서풋풋하지만 정말 진지하고 열정적인 사랑을 느꼈다 개인적으로는 결말이 너무 급작스럽게 다가와서 약간 당황스럽고 아쉬웠다 그 사랑 자체는 너무도 아름다웠다 사랑을 할 때 이 영화가 생각날 것 같다 ,0.9918395280838013,9,9.0
명화를 사랑하는 사람과 함께봐서 좋았습니다  ,0.9920142292976379,10,10.0
두번째 보는건데 너무 감동적인영화다 ,0.9920521974563599,10,10.0
역대급최고의 영화 내사랑 ,0.9922870397567749,10,10.0
언제봐도 슬프지만 아름다운 영화 ,0.9918711185455322,9,9.0
진정한 사랑은 잊혀지지 않는다 ,0.991253674030304,10,10.0
두번세번봐도 느낌아 다르다 ,0.952584445476532,8,8.0
너무 아름다운 영화에용  ,0.9924529194831848,10,10.0
처음엔 타이타닉처럼 설명으로 내용을전달하는내용이구나생각햇는데 마지막에반전이잇엇어요초대박펑펑움 ,0.9922304749488831,10,10.0
재개봉으로 볼 수 있어서 너무 조아요 ,0.9918450713157654,10,10.0
추천받아서 봤는데 재밌네요 재개봉 할만한듯 ,0.992251455783844,10,10.0
옛날분위기가 이색적으로 다가와서 좋았다 ,0.9920845031738281,8,8.0
뭔가 나에게는 진부한 영화 ,0.016493147239089012,6,0.0
노아같은 사람이 되고싶습니다 ,0.927531898021698,10,9.0
잔잔한 영화를 좋아하는 분들께 추천해요  ,0.9742387533187866,9,9.0
두 남녀의 감동적인 사랑눅구나의 가슴에 갖고있는 꿈같은 사랑 ,0.9921225905418396,10,10.0
시간이 흘러도 변하지 않는 명작 ,0.9921187162399292,10,10.0
감덩  진정한 사랑을 느낌 ,0.9756991863250732,10,10.0
또봐도 따뜻한 영화네요 ,0.9918123483657837,8,8.0
세번째 보는데  감동은 여전하네요 영원한 사랑을 그리고 그런 인생을 살수 있을까최고입니다 ,0.9919629096984863,10,10.0
언제나 봐도 재밌는 노트북  ,0.9915241003036499,10,10.0
몇번을 봐도 항상 감동을 주는 영화 ,0.9918872714042664,10,10.0
재미가이쑈이숏이쇼여자는별로 ,0.5382938385009766,9,5.0
감동적이네요 ,0.9925138354301453,10,10.0
너무 재밌었어요 옆사람 모두 훌쩍훌쩍 ,0.9918227791786194,10,10.0
정말 감동적입니다모처럼 눈시울이 찡하네요 ,0.9918897747993469,10,10.0
잔잔하고 예쁜 사랑 이야기 ,0.9923136830329895,8,8.0
재밌어여 오랫만에봤습니다 ,0.9922972321510315,10,10.0
조아요조아요조아요조아요 ,0.9924375414848328,10,10.0
멜로 로맨스의 정석이다 ,0.9869769215583801,10,10.0
역시 명작 언제봐도 감동적이고 눈물나는스토리 인생영화 ,0.9913962483406067,10,10.0
지루하고 뻔한 스토리 자자 ,0.007632734254002571,6,0.0
내인생 최고의 영화 스토리 음악 배경 무엇하나 빠지지 않고 너무 아름다운 가을에 딱 보기 좋은 러브스토리 재개봉해주셔서 너무 감사합니다 ,0.9915831685066223,10,10.0
역시나 역시나 명불 허전 ,0.34709861874580383,10,3.0
혼자심야로 봤는데 기대이상으로 재밋고 영화가 따뜻해요 오랜만에 멜로영화보니 따뜻해져서 좋아요 ,0.9915210008621216,10,10.0
다시보고싶은영화  ,0.9920401573181152,10,10.0
헷 재밋더요 헷  또보구파 ,0.9725311398506165,9,9.0
명불허전 아름다운첫사랑의 고전 ,0.9924588799476624,10,10.0
다시봐도 아름다운 영화 ,0.9917778968811035,10,10.0
여친이랑 보고 분위기좋았어요 잔잔하고 로맨틱해서 영화보고 같이 포옹햇어요 여친이 되게 좋아하네요 자기는 두번본영화면서지루하지않게 보더라궁노 레이첼 맥아담스가 너우 연기를잘하고 사랑스러운거 같아요 그런역할에 어울리는 배우 인듯 암튼굿굿 ,0.9921010136604309,6,6.0
재개봉해서 다시 봐도  좋네요 ,0.9924843907356262,8,8.0
감동다시 봐도 감동이네요 어쩌면 뻔히 보이는 스토리 이니만 한번쯤 누구나 꿈꾸는 사랑이 아닐까요 좋은영화에서 감동과 재미를 얻고 갑니다 ,0.9918453097343445,9,9.0
너무 사랑스러운 영화예요  ,0.9922785758972168,10,10.0
생일날 보게 된 좋은 영화네용 ,0.990992546081543,8,8.0
오랜만에 마음 따뜻해지는영화 ,0.991672933101654,9,9.0
한사람을 위한 마음이 이루어내는 기적같은 사랑이야기가과거의 풍경과 어우러져 마음이 따뚯해지는 영화였다 ,0.9914512038230896,8,8.0
마음이 따뜻해지는 영화 좋아요 ,0.9919195175170898,10,10.0
역시 다시봐도 감동 최고의 영화 ,0.9917032122612,10,10.0
첫사랑과 끝사랑의 아름다움 ,0.9922959208488464,7,7.0
볼 때마다 먹먹하고 설레이는 영화 ,0.9919249415397644,10,10.0
아름다운 영화입니다 ,0.9921363592147827,10,10.0
진짜 사랑을 하면 나에게든 상대에게든 진실할 수 있음을 일깨워주는 영화 ,0.991976797580719,9,9.0
내가 가장 사랑하는 영화 ,0.9918938279151917,10,10.0
이렇게 사랑하고싶다를 계속 느끼게해준 영화 ,0.9917308688163757,10,10.0
사랑하는 연인의 모습 깊어가는 가을에 나도 사랑하고 싶다고 생각 이 들었습니다 ,0.9917594790458679,10,10.0
최고의영화 네요 재개봉 안했으면 몰랐을텐데 재밌게보았습니다 ,0.9920284152030945,10,10.0
재밌어요 여자친구랑봤는데 좋아요  ,0.9922978281974792,10,10.0
안봤으면 후회할뻔가슴아픈 그러나 너무아름다운 러브스토리울었습니다 ,0.992043673992157,10,10.0
옛날에 집에서 봤었는데 극장에서 볼 수 있어서 너무 좋았습니다 ,0.9921160340309143,10,10.0
넘나 슬퍼여감동 ,0.9924167394638062,9,9.0
가슴찡해유 설레이는 사랑이 잘 와닿았네요 ,0.9922616481781006,10,10.0
연인들이 꼭봐야 할 영화중 한편이라 생각함니다 ,0.9923545122146606,10,10.0
흥미진진 합니다 남자분들이 보심 더 좋을거 같기도 하고암튼 전개빠르고  감명깊었어요 ,0.9918549060821533,8,8.0
한번쯤 꿈꾸는 사랑을 무난하게 그려낸 작품이면서 각각의 캐릭터들이 사랑스럽고 감정이입이 잘되도록 진행되어 재밌게 보았습니다 ,0.9913913011550903,8,8.0
꼭봐야됩니다 영화같은영화본느낌임 ,0.9888759255409241,10,10.0
인생영화 번볼거임노아와 앨리의 사랑은 정말 아무도 따라잡을 수 없다 ,0.992340087890625,6,6.0
실화라서 더 뜻깊게본거같아요 굿 ,0.9922382235527039,10,10.0
내인생 최고의 사랑영화 ,0.9920618534088135,10,10.0
  라고 했을때 뭉클 ,0.7644111514091492,10,8.0
재미있었습니닿 ,0.9314097762107849,8,7.0
사랑하는 사람이랑 꼭 봐야 할 영화남친이랑 보러가서 손 꼭잡고 눈물 흘리며 봤네요나도 저렇게 평생 사랑해야지 하며남친 손 꼭잡고 나옴  ,0.992434024810791,10,10.0
사랑하고 싶은 영화였어요넘나 둘다 사랑스러웠움힝 ,0.9915887713432312,10,10.0
감동적이얐어요  과거와 헌재의 공존 감덩 굿 ,0.992265522480011,10,10.0
아주 좋아요 아주 좋아요 ,0.9924526810646057,10,10.0
너무 행복해서 판타지 같았던 ,0.9907497763633728,10,10.0
이런스토리  너무뻔한스토리의 연애라서 아쉬웠습니다흔희들볼수잇는 드라마영화에나오는 뻔한스토리마치 옛날영화 타이타닉이랑 별다를게없네요 과정은끝은 헤피엔딩 하늘나라로함께간다는점은 깔끔하네요 ,0.030809935182332993,5,0.0
마음까지따스해지는영화 ,0.9921531081199646,9,9.0
재미있고 감동이 있어요괜찮은 영화네요 ,0.9923555850982666,10,10.0
보는내내 마음이 아련아련다시봐도 넘 좋은 영화였어요 ,0.9917277097702026,10,10.0
이미 여러번 영화임에도 스크린으로 보고 싶어서 재개봉한 영화관에 찾아가서 봤습니다 이입해서 많이 울고 왔네요 내용을 알고 보면 더 슬픈 영화입니다 강추 ,0.9918930530548096,10,10.0
예전의 그 아름다운 영화를 영화관에서 다시 보다니 그사실만으로도 가슴벅차고 좋더라는 ,0.9919822812080383,10,10.0
혼자봄 명작 명작 명작 명작 명작 ,0.9917028546333313,10,10.0
번 보았는데 오늘 와이프랑 다시 보았습니다 약시 진한 감동 ,0.9919843077659607,9,9.0
감동적이예요너무 멋져요 로아 ,0.9921162724494934,10,10.0
진짜 로맨스라서 고민많이했는데 진짜너무좋았어요 ,0.9920728802680969,10,10.0
 명작이라고 듣기만하고 별 기대없이 봤는데 너무 많은 감동받고 가요 연인과 함께 보면 더 좋을꺼같아요 추천합니다 ,0.9919161200523376,10,10.0
감동입니다 두번보세요 ,0.9923921823501587,10,10.0
두번째 봅니다 봐도봐도 너무 좋네요 ,0.9920122027397156,10,10.0
굳굳 여자친구랑 재밌게 봣어요 ,0.9920394420623779,9,9.0
슬퍼요 그렇지만 잔잔한 감동이 잇네요 ,0.9925040006637573,10,10.0
같은내용 같은전개 같은결말 또다른감동 ,0.8351976871490479,10,8.0
정말 재밌고 감동적이네요 ,0.9920069575309753,8,8.0
감동감동감동 명작인 이유가있네요 처음 만 빼면 ,0.9920763969421387,10,10.0
마음까지 따뜻해지는 영화사랑이란 이런것이다라는 것을 다시한번 느꼈어요 ,0.99174964427948,10,10.0
예전에 잘 봤던 영화를 다시 영화관에서 보게되니 좋았어요 ,0.9921374917030334,10,10.0
다시봐도 감동백배네오 강추합니다 ,0.9923292994499207,10,10.0
멋진 사랑 이야기 ,0.9909707307815552,10,10.0
너무재미있어요 나도 노아를 선택할꺼예요 ,0.9925619959831238,8,8.0
나중엔 할아버지얼굴만 봐도 슬펏음 다시봐도 굿 ,0.9921219348907471,10,10.0
재미있네요 근데 약혼자가 조금 불쌍해 보이기도  ,0.991521954536438,8,8.0
쏘쏘 딱 점 정도입니다 ,0.09224921464920044,8,1.0
언제봐도 뭉클합니다 ,0.9922221302986145,10,10.0
인생영화 너무 좋았어요 ,0.9920211434364319,10,10.0
진실된 남여의 사랑을 본거 같네요 ,0.9862267374992371,10,10.0
년 뒤에 재개봉을 하도 보러 갈겁니다 ,0.9848797917366028,10,10.0
한사람을 지극히 사랑했기에 성공한 인생이라는 말을 그대로 설명해주는 멋진 영화네요 ,0.9920199513435364,9,9.0
아 잼써  올만에 로맨쓰  ,0.9478152990341187,10,9.0
추워지는 날씨 마음은 따듯 ,0.6466630101203918,8,5.0
사랑스러워 반하지 않을 수 없는 ,0.9920867085456848,10,10.0
여운이 많이 남는 영화입니다 ,0.9920022487640381,10,10.0
기대를 너무 많이하고 가서인지 무난합니다 ,0.20256629586219788,6,1.0
지루할 수 있는 로맨스를 어른들의 동화로 만들어낸 영화책을 읽어주듯한 전개가 신선하다 옛날영화라 믿을 수 없을만큼 아름다운 연출법 옛날영화라 망설였는데 보길잘했다 로맨스 영화는 고리타분하다 생각했는데 영상미에 반한 영화 ,0.9924184083938599,9,9.0
오랜만에 설레임을 느낄수 있었던 영화다운받아 계속 볼 것 같은 영화 ,0.9918521046638489,8,8.0
최고 정말 감동적이에요 ,0.9923305511474609,9,9.0
굿 마지막에 울뻔 ,0.9916322827339172,10,10.0
정말 또 봐도 재미있는 최고의 영화였습니다 ,0.9917450547218323,10,10.0
다시봐도 걸작 말이 필요없는 걸작 ,0.9918448328971863,10,10.0
잔잔하면서 감동적인 영화 젊은관객과 장년층 관객을  함께 노린 내용과  구성 영화 내용과 시대를 상징하는  제목의 매치는 찾기가  불가능한 영화 ,0.15097203850746155,8,1.0
사랑한다면 이 주인공처럼하고싶다 ,0.9918270111083984,10,10.0
잔잔하게 감동이 있습니다 ,0.9923776388168335,8,8.0
노아랑 그 여성분 행복하세요 ,0.5213662385940552,9,5.0
너무 감동이에요 인생영화 ,0.9921546578407288,10,10.0
다시봐도 역시 좋네요 어려서 연애할때 봤을때랑 지금은 또 다른 느낌이에요 하이틴 스타 느낌은 두 배우도 지금은 멋진 헐리웃 스타가 됐네요 리멤버 타이탄에서의 어린 라이언 고슬링 더 페밀리 스톤에서의 어린 레이첼 맥아담스도 다시 찾아봐야겠어요 ,0.991332471370697,10,10.0
명불허전말이 필요없었어요 ,0.9921756386756897,10,10.0
정말 정말 재밌었어요 ,0.9921437501907349,10,10.0
영화가 너무 이뻐요  ,0.9922379851341248,10,10.0
눈물겹게 아름다운 부부의 사랑이야기감동이었습니다 ,0.9921067953109741,8,8.0
스토리도좋고 감동적이네요 몰입도도 좋고 ,0.9916747212409973,8,8.0
시간내어 일부러 찾아보아도 후회하지않음나를 다시 생각하게되는 영화모든 요소에서 최고너무많이 울었음 먹먹해졌는데 힘들지않은 영화 ,0.9920209050178528,10,10.0
잔잔한 감동이 있네요 ,0.9924424886703491,10,10.0
감명깊게 봤습니다 정말 많은 걸 생각하게 하는 영화네요 ,0.9919232726097107,10,10.0
다시 재개봉해서 보러갔는데 영상미도 너무 좋고 진짜 너무 잔잔하고 너무 좋았어요 ,0.9915000796318054,10,10.0
주변 사람들한테 꼭 한번 보라고 추천해주고싶은 영화 ,0.992265522480011,10,10.0
재개봉하기에 충분했던 영화 뜨거웠던 옛사랑에 대해 다시금 떠올려 볼 수 있었던 시간이었다 ,0.9923225045204163,8,8.0
재미보다는 감동이 있는영화 ,0.8015162348747253,9,7.0
제 인생영화가 되었습니다 ,0.9924963712692261,10,10.0
기억에 남는 영화였습니다 ,0.9923045039176941,10,10.0
감동적이에요잘봤습니다 ,0.992536187171936,10,10.0
신랑이랑봤는데 너무좋네요 감동적이고 ,0.9920516014099121,9,9.0
다시한번보고싶은영화 ,0.9920178651809692,10,10.0
영화 보면서 눈에서 땀났어요 ,0.9881239533424377,10,10.0
평점만보고 무작정 예매해서 봤는데첨엔유쾌하고 재밌엇는데 갈수록 눈물그렁그렁하네요영상미도 좋고요 배우들 연기도너무 멋있어요인생에서 기억에 남을 영화중 하나가 될것같습니다 ,0.9921339750289917,9,9.0
대박재밋음대박재밋음대박재밋음대박재밋음대대박재밋음대박재밋음대박재밋음대박재밋음박재밋음대박재밋음대박재밋음대박재밋음대박재밋음대박재밋음대박재밋음대박재밋음대박재밋음대박재밋음대박재밋음대박재밋음대박재밋음대박재밋음대박재밋음대박재밋음대박재밋음대박재밋음대박재밋음대박재밋음 ,0.6607794165611267,10,7.0
이 영화 보면서 많이 울었어요 사랑이란게 무엇인지 다시금 생각해보는 계기가 되었네요 ,0.9917423725128174,10,10.0
년의 자신의 이야기들과 기억들이 덤으로 따라오는 참 좋은 영화 ,0.991922914981842,9,9.0
뻔한스토리지만전혀뻔하지않고잔잔한감동도있습니다 ,0.9921039342880249,9,9.0
영상이아름답고먹먹함 ,0.9919629096984863,8,8.0
인생영화예요 완전  ,0.9924255609512329,9,9.0
정말 멋진 영화였습니다인생에 있어서 정말 중요한게 무엇인지 그 가치를 깨닫게 해주는 영화입니다 ,0.9918426275253296,10,10.0
너무너무 좋은 영화였습니다 ,0.9923034906387329,10,10.0
예정에 한번 봤었는데  지금다시봐도 역시 명작이네요 완전 추천 ,0.9919540286064148,10,10.0
저는 다시본게아니라 처음봤는데 왜 사람들이 재개봉하면 극장에서 또 보고싶어하는지 알겠어요정말 재밌게봤어요 ,0.9921998381614685,10,10.0
정말 아름답다 나도 이렇게 진심으로 사랑할게요 ,0.9920527935028076,9,9.0
언제봐도 명작볼때마다 새로운느낌 ,0.9920610189437866,10,10.0
언제봐도 따뜻하고 가슴 먹먹해지는 영호 ,0.9917963743209839,10,10.0
너무 아름다운 영화였습니다 ,0.9922813773155212,10,10.0
감동적이야 휴지없으면 큰일날뻔 ,0.5514000654220581,10,6.0
저는재밋어하하하하하요 ,0.9754974842071533,10,10.0
재밌써여완전완전완전 ,0.9923357367515564,10,10.0
자극적인 소재의 영화가 많은데잔잔하고 사랑에 대해 진지하게 생각해볼 수 있는 계기가 되었음 ,0.9920445680618286,8,8.0
소름돋네요 중간중간 수학에대해 정말무지하지만 재미있게 보게됩니다  ,0.9919633865356445,8,8.0
오랫만에 봤는데도  감동이 밀려오네요 ,0.9920107126235962,8,8.0
꼭 보고 싶었던 영화 그리고 과거로의 추억들  풋사랑은  순간을 영원으로 착각한다 란 명대사가 틀렸슴을 보여준 눈물 쬐끔 흘린 명화 ,0.9915987253189087,10,10.0
그냥잼있었습니다좀지루했지만 ,0.9582036137580872,10,10.0
지루한느낌도 있을지 모르지만 보는관점에서 다른거같고 멜로영화 말고 코미디멜로 좋아하는 인으로서  이런멜로영화는 대환영 ,0.7610525488853455,10,8.0
재개봉으로 좋은 영화를 알게되어 좋았습니다 ,0.9924805164337158,10,10.0
차분하게 볼 수 있는 재미있는 형화임 ,0.9920187592506409,8,8.0
좋아요 ,0.9891816973686218,10,10.0
역시 노트북 언제봐도 굳 ,0.9923310279846191,9,9.0
시간이나 하는데 지루하지않게 잘 봤습니다 ,0.9922114610671997,10,10.0
사랑은 마약과 같다 한번취하면 저렇게되니까 ,0.7779288291931152,10,8.0
노트북 영화는 열번봐도 감동적인 나의 인생영화다 최고 ,0.9920686483383179,10,10.0
오랜만에 감성을 자극하네요잔잔히 흐르는 이야기속에 나도 모르게 빠져들어버린 영화입니다사랑하는 사람과 꼭 함께 봐야할 영화인듯 ,0.9912288188934326,9,9.0
안울라켔는데울컥해서무한감동나도 저런 사랑 해보고파쌍데빌 싸가지와 함께라면 더 좋겠지멍구 ,0.9830076694488525,10,10.0
론이불쌍해요 ,0.6827848553657532,10,7.0
짱짱 다시 봐도 명화굳굳숙 ,0.9919998645782471,9,9.0
레이첼 맥아담스 핵존예 ,0.72238689661026,10,7.0
언제봐도멋진영화에요 ,0.9922088384628296,10,10.0
진짜 감동 두범째 보는데 역시 명작입니다   ,0.9919940233230591,10,10.0
명작입니다  썸녀와 같이봤는데 아주 좋아하네요 ,0.9921749234199524,9,9.0
감동적이고재밌네요 ,0.9921797513961792,10,10.0
재미있었습니다 오랜만에 옛날추억생각났네요 ,0.9920084476470947,10,10.0
가장 좋아하는 영화  ,0.9923843741416931,10,10.0
정말 재밌게봣어요 레이첼 맥아담스 ,0.9914308190345764,10,10.0
감동적인 영화  여주인공이 너무 사랑스럽다 ,0.9923438429832458,10,10.0
명작이 왜 명작인지 알겠어요 진짜 사랑이 뭔지를 보여주는 영화였습니다 안녕헤이즐 영화가 떠오르네요 ,0.9916654229164124,10,10.0
너무 사랑하고싶어지는 영화네요 ,0.991899847984314,10,10.0
시대의 배경도 너무 좋다  ,0.9921362400054932,10,10.0
살면서 가장 아름다운 영화 ,0.9919642210006714,10,10.0
아름답고 슬픈 이야기 ,0.9921804666519165,8,8.0
좋아하는 사람은 쟁취하는 느낌인가 나랑은 거리가 먼 이야기지만 꼭 이루고싶은 꿈이네 ,0.9924594759941101,9,9.0
여자친구랑 같이 보기 정말 좋은 영화같아요 ,0.9904736876487732,10,10.0
너무 감동적이고 잘 봤습니다 ,0.9921002984046936,10,10.0
감동적인 러브스토리 잘봤습니다 ,0.9925099611282349,10,10.0
두번째 보고나서야 제목이 왜 노트북인지 알았다 다시 평가되는 영화 ,0.8464567065238953,10,8.0
가슴따뜻해지는영화  ,0.991976797580719,9,9.0
인생최고의 로맨스영화 ,0.9916267395019531,10,10.0
영화끝나고도 다시 생각하면 울컥해지는 영화였어요 ,0.9917614459991455,8,8.0
다시 봐도 재미있고 감동이에요 ,0.9919162392616272,10,10.0
감동감동감동감감동감동 ,0.9921358823776245,6,6.0
최고의로맨스영화에요 ,0.9918602108955383,10,10.0
년 가까이 지나고 다시봐도 명작 ,0.9919083714485168,10,10.0
저런 삶을 살 수 있다면 ,0.9510370492935181,10,10.0
영화가 예술이란 말이 딱 맞아 떨어지는 영화예요 ,0.1685144305229187,10,2.0
정말 그런 사랑이 존재할까요 존재한다면 모든 걸 포기하더라도 사랑을 택할듯 ,0.9864625334739685,9,9.0
그림을 보는듯한 아름다운 영상과 발랄한 재미와 저절로 눈물이 나는 감동이 느껴지는 정말 오랫만에  넘 좋은 영화를 봤네요완전 강추입니다 ,0.9913132786750793,10,10.0
세번째 보는 영화입니가 ,0.9883268475532532,10,10.0
감동적인영화입니다 꼭보시길바래요 ,0.9925343990325928,10,10.0
엄청나게 명작이에요꿀잼 ,0.9923471212387085,10,10.0
두번째 보는데도 감동입니다 ,0.9920241832733154,10,10.0
옛날에보고 좋았던영화라 재개봉해서 본건데 또봐도감동이네요 ,0.9919344186782837,10,10.0
너무쟈밌게봤어요  ,0.9920873045921326,10,10.0
많은 생각을 하게 해주는 영화예요언제 봐도 멋진 영화 ,0.9916763305664062,10,10.0
무릎을 탁치며 그래 이런게 사랑이지 하게 되는 영화 ,0.991949200630188,10,10.0
다시 봐도 역시 명작입니다 ,0.9918791055679321,10,10.0
감동이이요 오래간만에 ,0.992293119430542,9,9.0
이 영화를 본 사람은 당신인생의 최고의 걸작임에 동의할것이라고 생각한다말 필요없고 이 사랑 한번 꼭 해보고 싶다는 생각이들게만든다  ,0.9919906258583069,10,10.0
최고의 감동실화 ,0.9924589991569519,10,10.0
내 머리속 추상적으로만 존재하던 무조건적인 사랑이 뭔지 다시 일깨워준 고마운 영화 ,0.9693472385406494,8,8.0
부러워서 눈물이 또르르 ,0.9813463091850281,10,10.0
남자의 순애보도 있군요 앨리를 바라보는 노아의 촉촉한 눈빛과  자존감 무너지는 표정 앨리의 눈물 범벅과 노아를 사랑하는 열정에 가슴이 시렸습니다마음이 따뜻해지고 옆지기를 돌아보게 만드는 영화네요 ,0.9911630153656006,10,10.0
명작은 명작의 이유가 있다 ,0.9907445311546326,10,10.0
영원까지 함께하는 사랑 참 보기 드문 아름다움이었어요 ,0.9918157458305359,9,9.0
영상미가 예뻤고 여주도 넘 예뻤어요 볼만하구 재밌었습니다 ,0.9916540384292603,9,9.0
재밌네요 예전에봣다가 다시보는건데 ,0.9920851588249207,10,10.0
아주 감동  재밋어요 ,0.9924347400665283,10,10.0
여자친구랑 보게됬는데 보는내내 감정이입되서 여자친구랑 손 꼭잡고 봤네요  정말 재미있었습니다  ,0.9920159578323364,10,10.0
멜로영화를 좋아하는 편이 아닌데 눈물을 닦으면서 관람했네요 이 시대에 연인들에게 강추하는 영화입니다 ,0.9917945265769958,10,10.0
영화의 내용전개는 시작후 오분이면 예상가능 하지만 그냥 뭔가 아름답다 ,0.9906099438667297,7,7.0
슬프고 재미있는 영화입니디 ,0.9924141764640808,10,10.0
와 정말 아름다운 영화네요 ,0.9921877384185791,9,9.0
사랑의 의미를 알게 된 영화 ,0.992232084274292,9,9.0
재밌어요 또 볼거에요 존잼 ,0.9923596978187561,10,10.0
역시나 명작  다시 극장에서 볼 수 있어서 너무 행복했다 ,0.99201899766922,10,10.0
어머이건꼭봐야돼강추 ,0.9908527731895447,10,10.0
예나 지금이나 감동적인 영하 ,0.25341981649398804,10,3.0
시간이 흘렀어도 감동은 지속되는 그런 영화 ,0.7023581862449646,9,6.0
왜케 눈물이나는지감동적예써여 ,0.9824103116989136,8,8.0
감동적 두번봣는데 여전히 먹먹함 ,0.9920880198478699,9,9.0
이제서야 보는데 너무 감동적이에여  ,0.9921708106994629,10,10.0
노트북은 진짜 명작번봣다 ,0.9581688046455383,10,10.0
두번째 보는 영화인데도 여전히 감동을 선사하는 눈물샘을 자극하는 아름다운 영화 ,0.9916651844978333,10,10.0
보러 가자 해놓고 미루다가 오늘 보고 왔습니다 스크린에서 느껴지는 감동은 여전하더군요 중요한 장면에서 음악이 나올때 온몸에 전율이 돋더라구요 ,0.9923256635665894,10,10.0
너무 좋았어요 남자친구생기면 손잡고보고싶음 ,0.9921574592590332,10,10.0
기대했던 영화였는데 눈물펑펑 흘리고 개구리 눈으로 퇴장함 실화였다니 더 슬프고 슬펐다 왜 다들 인생영화라고 하는지 알것같다 ,0.5689452290534973,9,5.0
살아온 인생을 뒤돌아 보는 잔찬한 감동이 생겨나는 영화 ,0.9918254613876343,8,8.0
정말 내 인생 최고의영회이 영화를 이제야 봤다는 것이 후회스러울 정도였다 망설임 없는 사랑도 좋았고 마지막까지 색다른 느낌의 로맨스였다 너무 행복한 시간이었다 ,0.9912179112434387,10,10.0
구구우우웃 ,0.6133503913879395,10,6.0
감동실화역시 슬프고 사랑하고싶게만드는영화네요 ,0.9919968247413635,10,10.0
보면서 펑펑 울었다 나도 이런 사랑 해보고 싶다 ,0.9920044541358948,10,10.0
아름다운영화였다 훈훈해 ,0.9925109148025513,10,10.0
정말정말정말 감동적이었다 ,0.9919829964637756,10,10.0
많은 사람들에게 추천받았던 영화 그래서 기대가 컸던 영화 일요일 아침잠을 포기할만큼예상가능한 스토리였지만 기대한 것보다 훨씬 좋았다 사랑에 대한 진정성이 느껴졌기 때문이다제작진과 배우분들에게 감사함을 표하고 싶다 ,0.9916980266571045,10,10.0
진짜 괜찮았아요 최고 또보러가고픔 ,0.9919480681419373,10,10.0
감사합니다 너무 좋은 영화였어요 ,0.9923112392425537,10,10.0
감동의 감성로맨스 연기력에 다시 한번 푹 빠져봤고 아름다운 멜로에 다시 한번 울었다 ,0.991077184677124,9,9.0
정말 최고다 잔잔하고 여운이 깊게 남은영호 ,0.9918009638786316,10,10.0
여러번 봤던 거여도 영화관에서 또 보니까 느낌이 또 좋았어요 ,0.992163896560669,10,10.0
몇번을봐도 좋은 영화 ,0.9922073483467102,10,10.0
마음이 따뜻해지는 영화입니다 ,0.9918197393417358,10,10.0
명작입니다 정말최고 ,0.9923262596130371,10,10.0
예전에 재미있게 본 영화를 다시 봐서 좋았어요 ,0.9922623634338379,10,10.0
감동적이었습니당 ,0.25895556807518005,9,2.0
다시 보고싶은 로맨스 영화 ,0.9921614527702332,9,9.0
오랜만에 밈 부여잡고 울었네요진짜 사랑이 어떤것인지 느끼게해주는 순수하고 진실함 느끼게하는 영화 ,0.9914883375167847,9,9.0
정말 최고의 감동 최고의 영화  ,0.9920459985733032,10,10.0
세번째보는 영화임에도 감동은 여전했고 물질주의에 빠진 이시대에 사는 우리가 잃은 많은것들에 대한 향수를 불러일으키는  시간이었음 ,0.9918666481971741,10,10.0
굿 자 자      ,0.5112736225128174,9,5.0
너무 가동적이고 재밌었어요 ,0.9924634695053101,10,10.0
잔잔히 재밌었어용 추천합니다 ,0.9913123250007629,10,10.0
정말 감동적인 영화 네요 보면서 울엇어요 ,0.9922176599502563,10,10.0
인생영화입니다 영화관 스크린에서 보니 감회가 새롭네요 ,0.9922198057174683,10,10.0
아름다운 여운이 남는 영화입니다 ,0.9918789863586426,8,8.0
너랑 봐서 좋았고 너무나 행복했어 ,0.992401123046875,10,10.0
재밌게 잘봤어요 ,0.9922967553138733,9,9.0
인생영화 ,0.9893277287483215,10,10.0
이 영화를 처음으로 너와 죽을때까지 같이 보고싶다 ,0.9803558588027954,10,10.0
와슬퍼요 흑흑 앨리와 노아 ,0.8734249472618103,10,9.0
반전은 없지만 잔잔한 감동 ,0.9921097159385681,9,9.0
다시보고싶은 좋은 영화였습니다 ,0.9919759631156921,9,9.0
인생 영화 ,0.9909987449645996,10,10.0
인생영화 감동깊게 봤어요 ,0.9922120571136475,10,10.0
 굳굳 완전 재밋어요 눈물 ,0.9918843507766724,10,10.0
인생작을 만났습니다 ,0.9917368292808533,10,10.0
혼자보면 슬퍼요 ,0.9799590110778809,10,10.0
사랑을 가장 예쁘게 표현한영화 ,0.9917346239089966,10,10.0
잔잔하고 감동적이였어요  ,0.9922035932540894,9,9.0
지고지순한 사랑은 지겹다 하지만 할머니 할아버지의 마법은 언제나 놀랍다 ,0.9820811152458191,7,7.0
레이첼 맥아담스의 매력을 만프로 느껴보시길 ,0.8277893662452698,10,8.0
라이언고슬링 이별의 아픔을 정말 잘 나타냈다 ,0.992177426815033,10,10.0
첫사랑이 생각나네용 재밌엉 ,0.9920029640197754,10,10.0
아주 공감이 잘되는 영화였네요 기억에 남습니다 ,0.9922389984130859,8,8.0
언제봐도 좋다 다음 대사를 다 알지만 어김없이 같은 타이밍에 눈물이 쏟아진다 ,0.9921435117721558,10,10.0
한사람만 바라보는 노아같은 남자 만나고싶다 ,0.9755094647407532,9,9.0
재개봉해서 두 번 째 본 영화보는 내내 너무 행복했어요 꼭 보세요 두 번 보세요 ,0.9917846918106079,10,10.0
    진부하지만 이런 사랑이 있을거라고 할수 있을거라고 믿고싶다 ,0.9875795245170593,7,7.0
앨리의 사랑스러움에 넋놓고 본 영화 ,0.9807445406913757,10,10.0
여운이 남는 감동적이고 유쾌한 영화 ,0.9916276931762695,10,10.0
역시 명작은 명작 언제봐도 재밌다 ,0.9921038150787354,10,10.0
재밌었어요짱짱짱창창 ,0.9923182725906372,10,10.0
진짜재밋고 감동적이에요 ,0.9920395612716675,10,10.0
아름다운 첫사랑의 추억 ,0.9327552318572998,9,8.0
재밌어요 재개봉 하는 이유가 있네요 또보고 싶어요 ,0.9922687411308289,10,10.0
년 만에 보는건데도 너무 감동적이었습니다 ,0.9919523596763611,10,10.0
네번째본작품이지만 역시 영화관에서 보니까 또다른 맛이 있네요 또 펑펑울면서 봤습니다 역대급 명작  ,0.9916502237319946,10,10.0
사랑의 결을 천천히 더듬어 각다 ,0.5319214463233948,8,4.0
역시 인정받아서 재개봉하는 이유를 알겠어요 ,0.9203653931617737,8,7.0
이건 제인생영화입니다세드앤딩이라 슬프고 그런게아니고 여운이남는 정말 예쁘고도 현실적이고도 공감되는무조건보세요 애인있으신분은 꼭 같이보시구요 ,0.9917294383049011,10,10.0
영화가 뭔가 중간중간 잘려나간 것 같은 느낌이 있었지만가을에 잘 어울리는 애틋함이 채워졌어요근데 이런 영화 볼 때 속닥거리지 말아주세요 집중이 안됩니다 ,0.8364384770393372,8,7.0
오랜만에 보는 저자극 순수영화 기분좋네요 ,0.992104172706604,7,7.0
행복해다 가슴 따뜻한영화 ,0.9925203323364258,10,10.0
엘리가 너무 예쁘게 나온 영화 노아도 약혼자도 멋지지만 볼수록 눈물나는데 번은 본 인생영화임 잊지못할 대사도 많고 여운이 많이 남아요 요즘도 그렇게 수순한 사랑이 남아있는 시대였으면 얼마나 행복했을까 ,0.9915066361427307,10,10.0
재개봉한 이유가 있네요 ,0.829404354095459,8,7.0
굳짱굳 이쿠 좋구요 개꾸울잼잼베리잼 ,0.9921956062316895,9,9.0
최고입니다 남주여주 사랑최고 ,0.9924060702323914,10,10.0
최고의영화입니다 ,0.9915398955345154,10,10.0
보고싶었던 영화를 극장에서 볼수있게된 기쁨으로시간대가 많지않아 심야로 보게되었는데 오히려 깊은밤 영혼으로 느낄수있는 오랜만에 아름다운 영화를 보았다삶과 죽음사랑인생에 대해 돌아보게하는 맘에 잔잔한 물결이 일며 나도모르게 눈물이 흐르네 ,0.9913962483406067,10,10.0
보면서 울었네요 좋았어요 ,0.9922240972518921,10,10.0
볼 때 마다 사랑을 하고 싶어지지만 진짜 사랑하기힘든거 같기도하다 아무리 다시봐도 두번째만난 사랑도 사랑같은데 첫사랑을 선택한 기준을 모르겠다 ,0.9266420602798462,8,7.0
가슴 아프지만 할 수 있다면 이루어진다면 이런 사랑을 하고 싶다 ,0.9922711849212646,10,10.0
혼자보고싶어서 가서 봤는데  진짜 다음엔 꼭 누구랑이든 다시 한번 보고싶게 만드는 영화  사랑에 대해 좀 더 깊게 생각하게 만들어 주었다 ,0.9915487170219421,10,10.0
인생영화  로맨스 싫어하는 남친도 잘봣어요  ,0.7790113091468811,10,8.0
정말 여러모로 많은 생각을 하게 해주는 영화네요 이계절에 보면 딱이에요 남친이랑 같이 보는데 최고 ,0.9919837117195129,10,10.0
슬프고재밋어여이런사랑하고싶네여 ,0.9922490119934082,9,9.0
인생영화 그 어떠한 영화보다도 모든 대사 표정하나하나에 공감하게 된다 ,0.9918528199195862,10,10.0
더 뜨겁게 사랑해야겠다 ,0.8376849293708801,10,8.0
감동적이었어요요즘 영화 중 추천합니다 ,0.9921793937683105,10,10.0
아름다운 영화 감동이었습니다 ,0.9924955368041992,10,10.0
다시봐도명작  진부한스토리를 넘어서  사랑하고싶어지는영화입니다 ,0.9917619228363037,9,9.0
멜로영화가 줄수있는 최대치의 감동이 느껴지는 아름다운 영화입니다 어린 시절의 풋사랑과 성년이 된 후의 만남 그리고 노년의 애틋한 사랑이 참 감동적이에요 언제봐도 좋은 명작 ,0.9904678463935852,10,10.0
너무 부드럽고 따뜻한 영화 진정한 사랑에 대해 생각해보게 하는 로맨틱한 영화 ,0.9914518594741821,8,8.0
너무 재미있어요 ,0.992344319820404,10,10.0
최고 잊을수가 없는 영화 ,0.9923766255378723,10,10.0
감동적인 영화 인위적인 부분도 있지만 짠함 ,0.9921668767929077,8,8.0
진짜  재밌다 또 보고싶은 영화 ,0.9917175769805908,10,10.0
정말 다시봐도 명작이었습니다 여자친구와 마음이 따뜻해지는 하루였습니다 감사합니다 ,0.9914453029632568,10,10.0
나이들면서본노트북은다른감정을갖게했다사랑함에있어서끝까지진실하고변함없는노아는내마음을저리게했다현실에서는가능하기힘든사랑이어서더욱그런것같다가을이가고있는오늘참으로나에게좋은선물을준마음이다 ,0.9922703504562378,9,9.0
남녀의사랑과중간중간에부모의마음을읽을수있는  영화로써 아주유익하고감동적인영화였습니다멜로를 좋아하는사람들이라면  남녀간의애틋한사랑을느낄수있는  좋은 영화가될것같습니다  이영화를추천합니다 ,0.9913554787635803,10,10.0
여러가지 생각을가지게만든다 눈물이난다 ,0.9921951293945312,9,9.0
다시 봐도 좋은 영화였어요 재개봉해서 봤는데 감동 받았어요 ,0.991683840751648,10,10.0
재개봉해서 너무 좋았어요  저초등학교때 개봉한 영화라 스크린으로 본건 첨이였는데 더 몰입해서 봤습니당 여전히 최고의영화예요 ,0.99192214012146,10,10.0
사랑한다면이들처럼 ,0.966829240322113,10,10.0
최고 이 명작을 왜 지금봤나 모르겠음 ,0.9924463629722595,10,10.0
너무 감동적인영화입미다 ,0.9924473762512207,10,10.0
역시나 좋은영화입니다 ,0.9921528697013855,10,10.0
몇번을 봐도 여전히 감동인 영화에요 그냥 보면 앎 ,0.9921770691871643,10,10.0
영화보고 글 처음 남기네요관심없이 봤지만 큰 관심가지고 나왔습니다설마 하는마음 말고 꼭보세요 ,0.9833182096481323,10,10.0
사랑하는사람과보기좋은영화 ,0.9815269112586975,9,9.0
영화보면서 나도 저런사랑을 꿈꾼다하면서 완전 감정이입하며 봤어요 달달하면서 감동적인 영화 또보고싶을정도에요 ,0.9921643733978271,10,10.0
번째보는 내 인생영화 이런사랑을 하고싶어요 ,0.9922229647636414,10,10.0
굿굿짱짱굿재밋다와우 ,0.9924858808517456,10,10.0
너무멋진영화입니다추천 ,0.9922871589660645,10,10.0
인생영화에요 진짜 역대급 명작이걸 왜 이제야 봤는지같이 웃고 울고 너무 좋았어요 몇번이고 다시보고싶어요 ,0.9914578795433044,10,10.0
아름다운 음악 아름다운 영상 그러나 다시 처절한 현실로 되돌아 온다 ,0.9920752048492432,8,8.0
진짜 정말 재밌는영화 마지막에 눈물찔끔 혯습니다 ,0.991783618927002,10,10.0
퇴근후에 혼자 보고왔습니다 번이상은 족히봤는데도 여전히 감동입니다 저에게도 그런사랑이 있을까요 독백 끄적입니다 좋은 영화보시고 긴 겨울 따뜻한 마음으로 보내시길 바랍니다 ,0.9916457533836365,10,10.0
진짜번째봐도 좋네요인생영화 ,0.9922149777412415,10,10.0
영화예매하고 못보러 갔어요 ,0.5053958892822266,4,2.0
재개봉은 이유가 있어서 합니다 ,0.815748929977417,10,8.0
감동  그 자체네요 추천요 ,0.9924371838569641,10,10.0
너무 슬퍼서 여자친구 옆에서 울뻔했어요 ,0.9840355515480042,10,10.0
인생영화입니다 안보신분 꼭보시길바래요 ,0.9922860860824585,10,10.0
편하게 예약하고 잘봤습니다 ,0.9878184795379639,10,10.0
별로엿어요 왜 평점이높은지모르겟에여 ,0.008544856682419777,1,0.0
재밋어오 앨리 너무 이뻐요 노아 너무 잘생겻어여 ,0.992088794708252,10,10.0
현실에선 드문 사랑은 아닌듯 ,0.7397830486297607,10,7.0
감동의 여운이 길게 남습니다 ,0.9920670986175537,10,10.0
솔직히 이선 인생영화라서 딱히 다른 말은 하고 싶지가 않네요 안보신분 꼭 보시고  보신분 또 보세요 ,0.7502554059028625,10,8.0
역시 명작 너무 감명깊었어요 마지막 순간까지 ,0.9915628433227539,10,10.0
연인과보면 좋을영화 ,0.9076937437057495,9,8.0
진짜 노트북은 내 인생영화 ,0.8799034357070923,10,9.0
너무너무 감동적이에요 ,0.9922549724578857,10,10.0
재개봉때 다시 봐도 재밌네요 ,0.9920879006385803,8,8.0
정말 감동이고 아름다웠어요 ,0.9918393492698669,10,10.0
재밌었어요 ,0.9924442172050476,9,9.0
결혼전에 여자단속 잘하자 ,0.07859288156032562,9,1.0
너무너무재밌습니다헤헤 ,0.9922850131988525,10,10.0
감명깊게 봤어요적극적으로추천합니다 ,0.9922410249710083,10,10.0
너무 훈훈하고 아름다운 영화였습니다 ,0.9916885495185852,10,10.0
좋아요아주좋아요매우좋아요 ,0.9925270080566406,10,10.0
너랑봐서 좋았다  ,0.9718409180641174,10,10.0
언제봐도 아름다운 영화 ,0.9919671416282654,10,10.0
오랜만에 오롯이 사랑한다는 감정을 느낀 영화입니다즐겁게 기분좋게 보고 왔습니다 ,0.9917083382606506,8,8.0
여자 친구랑 재미있게 봤습니다 ,0.9924766421318054,10,10.0
감동적인 영화였습니다 노트북 워낙 유명한 영화여서 보고싶었는데 재개봉해서 보게 되어 좋았습니다 ,0.9918079972267151,8,8.0
예전에 봤던 추억이생각나서 좋았습니다 ,0.992185652256012,9,9.0
감동적이고 너무 경치가 아름다웠어요 ,0.9920001029968262,9,9.0
다시봐도 재미있습니다 ,0.9921696782112122,9,9.0
감동적임  인생작중 하나 ,0.9922769069671631,10,10.0
오랜만에 스크린 큰화면으로 노트북을 다시 볼 수 있어서 좋았어요배우들의 풋풋한 모습 볼수있어서 좋아요 강추 ,0.9917693138122559,9,9.0
아주 감동적이고 재밌어요 ,0.9921751618385315,8,8.0
보고 남자친구랑헤어졌다 ,0.5253263115882874,9,5.0
볼 때마다 눈물나는 명작중의 명작 ,0.9920079708099365,10,10.0
진짜 재밌고 다 좋은데 조연관점에서 봤을때 진짜 쓰레기인듯 ,0.08976609259843826,9,1.0
언제봐도 그리고 몇번을 봐도 명작이네요 ,0.991775631904602,10,10.0
시간이 지루하지 않은 영화엿어요 그리고 앨리와 노아같은 사랑하고 싶게만드는   ,0.9916935563087463,10,10.0
사랑의 힘은 대다내옹 ,0.8688737750053406,9,8.0
남주 연기력 정말 좋네요  ,0.992219865322113,9,9.0
진짜 감동적인 영화입니다 ,0.992241621017456,10,10.0
노아 같은 사람을 만날 수 있을거라고 나에게 헛된 희망을 심어줌 ,0.8796048164367676,10,9.0
옛날 영화가 재상영되었다고 하는데 너무 감동적이었습니다  썸이 난무하는 요즘 예전과 같은 이런 절절한 사랑이 있을까 하는 생각이 들었습니다 ,0.9918965697288513,10,10.0
저런용기가없는 나한테는 정말 많은생각을 하게 해주는 영화였다 ,0.9924280047416687,10,10.0
한번 더 보고싶은 영화에여 ,0.992310643196106,7,7.0
영화보니까 연애하고 싶음  ,0.6235203742980957,10,6.0
자신은 특별할 것 없는 평범한 사람이지만 남들보다 잘 한 것이 있다면 한 여자를 평생 열렬히 사랑했다는 늙은 노아의 말이 이 영화에서 가장 멋진 대사가 아닐까 싶다 ,0.9921481013298035,8,8.0
하필 월요일에 봤네요 ,0.6230104565620422,9,6.0
재밋다읏 ,0.992457389831543,10,10.0
재개봉 영화는 언제나 옳다 ,0.8980243802070618,9,8.0
역시 명화네요 로맨스 영화 중 가장 멋진 영화였습니다 ,0.9915816187858582,9,9.0
세기의명작입니다 펑펑울었네요 ,0.9918596148490906,10,10.0
멋진영화다시 보고싶다 ,0.9925037622451782,9,9.0
좋은 영화를 좋은 가격에 편하게 봤어요 사랑하는 엄마랑 너무 행복했어요 ,0.9919541478157043,10,10.0
오랜만에 사랑을 얘기해준 영화 ,0.9921243786811829,10,10.0
감동입니다배우의 열연 인상 깊고 마지막엔 눈물이 핑도는  ,0.9917870163917542,10,10.0
진짜 감동 여자친구와 그런 사랑 하고싶어요 ,0.9921509027481079,10,10.0
좋은영화에요 다시 봐도 마음을 움직이는 영화입니다 ,0.9920125603675842,9,9.0
감동감동너무슬픔명작 ,0.9921873807907104,10,10.0
나도 이런 아름다운 사랑을 하고 싶다 장면장면이 너무 예뻤다 ,0.9917439818382263,10,10.0
두번째 보았지만 감동은 줄지 않았어요 ,0.9908893704414368,9,9.0
남자친구랄 꼭 보고싶은 영화여서 보고왔는데 진짜 너무 이쁜 사랑이예요 엄청 울고왔네요 짱 재밌어요 ,0.991446852684021,10,10.0
엄마와 오랜만에 같이본 영화너무 아름다운영화였습니다 ,0.9915110468864441,10,10.0
동화같은 이야기다 너무 아름다워서 오히려 눈물은 안났던듯 ,0.9920950531959534,8,8.0
장면 하나하나 대사 하나하나가 가슴 먹먹해지네요 저런 사랑이 있을까 싶을만큼 아련해지는 영화였어요 눈물남  ,0.9912586808204651,10,10.0
처음부터 끝까지 질리지 않는 영화에요 너무 감동 적이고 과거의 남자친구가 떠올리게 만드는 영화인기도 한거 같아요 특히 여주인공이 사랑스럽고 매력적이라 더욱 재미있었습니다 ,0.9912193417549133,10,10.0
아름다워요 저도 남편이랑 이렇게 아름답게 살고싶어요 ,0.9918928146362305,9,9.0
스토리가 다소 진부한 것 같았습니다 영상미는 좋았습니다 ,0.09734953939914703,8,1.0
영원한 사랑이 이런걸까 감동 ,0.9924156665802002,9,9.0
아름다운 영화였어요 ,0.9924605488777161,9,9.0
최고입니다 ,0.990607738494873,10,10.0
최고의 명작입니다 영화가 너무 아릅답고 보는 내내 마음이 뭉클했습니다 감정선이 너무 예쁜 영화입니다 ,0.9913150668144226,10,10.0
첫사랑같은 영화 노트북 다시봐도 감동이였어요 ,0.9920050501823425,8,8.0
찡하고 행복한 영화입니다 ,0.9924099445343018,10,10.0
보고 또 봐도 감동적입니다다음에 또 영화관에서 보고싶어요 ,0.9920394420623779,10,10.0
감동적이네요 실화인가요 ,0.8647061586380005,8,7.0
여운최고  잠 못잘것같애요 ,0.9599490761756897,10,10.0
레이첼맥아담스가 너무 사랑스럽게 연기를 잘했다 다시봐도 감동적이다 ,0.9914366602897644,9,9.0
보면서 같이 행복해지는 영화 ,0.9920387268066406,10,10.0
재개봉때 본게 아쉬울정도 ,0.7042145729064941,10,7.0
할아버지 존멋 존 의문의 다패 ,0.6202243566513062,10,6.0
꼭봐야할영화 꼭꼭꼭꼭 ,0.9922993779182434,10,10.0
마음이 따뜻해지는영화 ,0.991817057132721,10,10.0
아름답습니다 이야기가  ,0.9924985766410828,8,8.0
너무 너무 이쁜 영화에요 ,0.9923581480979919,10,10.0
아주 오래된 옛추억도 생각나고 눈물도 나네요 ,0.9923506379127502,10,10.0
역시 만인의 인생영화인 이유가 있는 작품 ,0.9920766353607178,10,10.0
인생작이 될 것 같음 ,0.9925268888473511,10,10.0
남편과 같이 보고싶었던 영화 사소한 다툼으로 결국 혼자 감상했던그래도 넘 좋았고 예전이나 지금이나 여전히 강성폭발 영화네요 ,0.9916979074478149,10,10.0
결혼하고 싶게 만드는 영화네요 솔로말고 커플들에게 보는 것을 추천합니다 ,0.9924793243408203,9,9.0
진짜 인생영화 탑 위안에 듭니다달달한 연예세포가 ,0.8382111191749573,10,8.0
재밌어요위대너낭애대 ,0.9924788475036621,7,7.0
굳굳 입니다 굳입니다 굳입니다 ,0.9921737909317017,10,10.0
좋아요다시봐도 낭만적인 영화에요 ,0.9919483661651611,10,10.0
최고의 영화는 영혼을 일깨우고 더 많이 사랑하게 하고 가슴엔 열정을 마음에 평화를 주지 ,0.9920902252197266,10,10.0
연인과 함께라면 반드시 봐야 할 영화 ,0.9922226071357727,10,10.0
그냥이래라저래라볼만함 ,0.33769214153289795,9,3.0
내 인생의 인생영화첫사랑의 잊을 수 없는 기억 ,0.9918755292892456,10,10.0
사랑스럽고 감동적이네요 ,0.9919978976249695,9,9.0
말이 필요없는 명작입니다  ,0.9921742677688599,10,10.0
석양이 지는 식사자리에서  이렇게 아름다운건 처음봐요 라고 말하는 앨리 할머니에게서 눈을 못떼며 나도요 라고 말하던 노아할아버지그렇게 죽을때까지 한사람만 사랑하는 아름다운사랑하고싶어요그들처럼 물론 타인에게 상처주던것만빼고요 ,0.9920331835746765,8,8.0
또봐도 명작인걸 느끼게 됩니다 ,0.9920076131820679,10,10.0
젊은 남녀의 애듯한 시랑 영화 장말 아름다웠어요 ,0.9905768632888794,9,9.0
이런 사랑을 죽기전에 할 수 있을까 ,0.9798775315284729,10,10.0
달달하게 보기 좋은 영화입니다 ,0.9924519658088684,10,10.0
최고의 영화 정말 재밌게 봤어요 ,0.992066502571106,10,10.0
재밌어요 재밌어요 보세요 ,0.9925083518028259,9,9.0
봐도봐도 눈물나더라 흑 ,0.9923183917999268,10,10.0
정말 재미있게 봤습니다 ,0.9922221302986145,10,10.0
역시영화는 영화관에서 봐야하는건가 ,0.43689972162246704,10,4.0
제니스 채니퍼가 누굴까요 ,0.7284581065177917,10,7.0
영화관 스크린으로는 처음 봤습니다 다시봐도 애틋하고 좋은 영화였어요 화질이 별로였지만 오히려 그래서 더 아날로그적이고 감성적인 느낌이 들었던거 같습니다 ,0.9917632341384888,10,10.0
오랜만에개감동영화지렷음 ,0.992460310459137,10,10.0
좋았습니다 이렇게사랑할수있을까싶네요 ,0.9919285774230957,7,7.0
같이보던남친 울었으면서 안운척해요 극장에서꼭보세요 ,0.7968509793281555,10,8.0
너무 감동이에요 또보고싶네요 ,0.9921756386756897,9,9.0
명작이다 두번봤지만 또 보고싶다 ,0.9918437600135803,10,10.0
감동적이다 울뻔함  ,0.9925231337547302,10,10.0
어디서 울어야할지 모르겠디만 감동 ,0.3311765491962433,9,3.0
재밌어요 여친하고 저하고 평균점 주고갑니다 ,0.9886417984962463,10,10.0
크 ,0.5081037878990173,10,5.0
이런로멘스 부럽구 따뜻했습니다 ,0.9640781879425049,8,8.0
인생영화 못보신 분들 꼭 보셔야해요 ,0.9871201515197754,10,10.0
여주 겁나 갑자기 예쁘네요 ,0.9542526602745056,10,10.0
진짜 너무 좋았어요 또 보고싶어요 ,0.9919691681861877,10,10.0
봐도봐도좋음로맨스영화중에탑 ,0.9923309087753296,10,10.0
아름답고 이쁜 영화하지만 인생 전반을 돌아보고 나의 미래에 감정이입이 되는  ,0.9924276471138,10,10.0
정말 영화 보는 내내 울었던 영화 아름다운 사랑이다 ,0.9919375777244568,10,10.0
예전에보고또보네요옛날에비해감흥은좀떨어지지만재밌어요 ,0.9923596978187561,10,10.0
 작품성이 좋으니 재개봉했으리라는 생각이 듭니다 부부의 회상을 통해 부부간의 사랑을 아름답게 표현했으며 아름다운 가을정취가 시즌과 맞물려 감성충만해지네요특히 부부가 같이 보면 좋을듯 합니다강추 ,0.9919679760932922,7,7.0
오랜만에다시보고싶은영화 ,0.9920420050621033,10,10.0
너무 기대해서 보통이였습니다 ,0.015926063060760498,5,0.0
굿 노부부가 가져다주는 감동이 인상적 ,0.9924231171607971,8,8.0
로맨스 영화의 클래식특별하진 않아도 뻔한 이야기라도아름다움에 다시 찾는 영화 ,0.9919195175170898,8,8.0
영상이 너무 이쁘고 여자주인공 남자주인공 너무 멋있다 이런 영화속의 사랑을 하고싶을정도로 아름답고 예쁜 영화다 재미보다는 로맨스 로맨틱하고 아름다운 영화로 기억에 남을거 같다 흠뻑 빠져서 본영화 오래오래 기억에 남을거 같가 ,0.9911319613456726,9,9.0
으아어어엉 너무 슬퍼 ,0.7939680218696594,10,8.0
대박진짜인생영화입니다 ,0.9922926425933838,10,10.0
집사람이랑 간만에 영화를 보러왔습니다감회가 쩌네요 ,0.9759700298309326,10,10.0
노아와 앨리의 사랑은 그 노트에 그 글자에그 한획  한획 안에 살아 있어 그리하여 영원하고  그래서 더 아름답고 ,0.9922623634338379,10,10.0
살짝 지루한 감이 없진 않지만잔잔하고괜찮았어요 연애하고 있는 사람들에게추천합니다제 돈 주고 봤어요 ,0.9923593401908875,8,8.0
감동적인 영화였습니다  ,0.9924916625022888,10,10.0
눈물나게 행복한 스토리예요재개봉은 다 이유가 있다니까 ,0.9922360777854919,10,10.0
평가를 어찌합니까 ,0.38625526428222656,10,4.0
재개봉해서 다시보고왔습니다다시봐도진한감동실화라더욱가슴을울리네여언제봐도라이언은옳습니다레이첼도너무사랑스럽네요 ,0.991791844367981,9,9.0
다시 봐도 너무 뭉클한 영화  스토리도 배경도 너무 아름다운 로맨스 강추에요  ,0.9913763403892517,10,10.0
이가을에 감성돋는 영화잔잔한 감동을 원한다면 볼만한 영화입니다 ,0.9924269914627075,10,10.0
의 작은 나이지만 전 여자친구와 많이 사랑했었든데 비슷한 감정을 가질 수 있었어요 좋은 영화 고맙습니다 ,0.9919935464859009,10,10.0
가을의 시작과 함께 보고 싶은 영화 ,0.9918979406356812,9,9.0
사랑의 기준이 되었으면 합니다 이 영화가 정말 최고에요 ,0.9922478199005127,10,10.0
오랜만에 큰화면으로 보니 더 좋았어요 ,0.9921854138374329,9,9.0
전반부와 후반부는 참 다른 느낌이었습니다 ,0.7349912524223328,7,5.0
년 나의 첫사랑과 헤어진 후에 보았던 영화였어요 년이 흘러 다른 사람과 함께 이 영화를 보았지만 그때의 느낌 그때의 감동은 여전했습니다 최고의 영화였어요 ,0.9914606809616089,10,10.0
좋은 연출과 이쁜그림이었어요 ,0.9923495054244995,8,8.0
너무 감동적이고 좋았어요 ,0.9919730424880981,10,10.0
정말    감   동적인   영화       다운받아    한번보고     영화관에서 또 봤습니다 ,0.9924235343933105,10,10.0
말이필요없습니다계속봐도 설레는 영화네요 ,0.9919122457504272,10,10.0
넘 감동이고 헤어진 남자친구가 생각나는 영화였어요 ,0.9921516180038452,10,10.0
역시 인생영화  둘 같은 사랑이 실제로 존재할까요  ,0.9917717576026917,10,10.0
정말 명작이네요 사랑하는 사람이 생겼다면 꼭 보길추천해요 ,0.9918637275695801,10,10.0
남자의 사랑이 변하지 않음을 ,0.9648333787918091,10,10.0
레이첼 넘 예뻐요 ,0.9919592142105103,10,10.0
얼마나 명작이길래 재개봉을 하나햇는데 정말 명작이더군요 ,0.9923853874206543,10,10.0
인생드라마에요 번넘게봤는데 이번에 영화관에서 개봉해서 또 봤습니다 ,0.992068886756897,10,10.0
진짜 이런 사랑이 있을까요 ,0.9779752492904663,10,10.0
재개봉영화라 기대많이하고 봤는데  몰입해서 보다가 펑펑울었네요 제 삶까지 다시 생각하게만드는 영화였어요 배경도 너무예쁘고 예쁜영화네요 ,0.9911158084869385,10,10.0
정말 아름다운 사랑이었습니다 아련히 첫사랑의 기억이 떠 오르네요 감사합니다 ,0.9917339086532593,10,10.0
인생을 다시 돌아보게 하는 멋진 영화였어요 잔잔한 감동이 밀려옵니다 ,0.9913694262504578,10,10.0
 영화다운 영화 명작 중에 명작 최고입니당 ,0.9922178983688354,10,10.0
네 엄마가 내 집이다 인생영화 ,0.9924226403236389,10,10.0
역시나 명작  그 지체 입니다스토리영상음악 및 배우들의 연기등 완전한 일체를 보여주는 감동적인 영화 입니다 ,0.9922310709953308,9,9.0
말그대로영화같은 희박하지만현실에서도라고생각하게해줄수있는아름다운영화 ,0.9924019575119019,10,10.0
내 인생 최고의 로맨스 영화 사랑을 한다면 이렇게 ,0.9924263954162598,10,10.0
좋아요첫사랑생각하고싶으신분들은 보시면좋을거같아요 ,0.9924363493919373,10,10.0
믿고보는 레이첼 맥아담스 ,0.9780308604240417,10,10.0
오랜만에 영화관에서 영화다운 영화를 본 것 같아요 예전부터 보고싶었던 영화였는데 이번 기회에 볼 수 있어서 정말 좋았습니다 ,0.991797924041748,10,10.0
진짜 아름다운 사랑이야기 ,0.992192804813385,9,9.0
다시 봐도 그리운 사랑입니다 ,0.9922012090682983,10,10.0
볼때마다 새로운영화인거같아요영화관에서보니 감동이 더배네요 ,0.9923404455184937,10,10.0
재개봉한 이유를 알 것 같다 ,0.8462770581245422,10,8.0
예전부터 보고싶었는데 영상도 예쁘고 너무 사랑스러운 영화 ,0.9917392730712891,9,9.0
슬픈 해피엔딩이었다 ,0.9794750213623047,8,8.0
사람들이 왜 노트북 노트북 하는줄이제 알았네요 명작 ,0.9924561977386475,10,10.0
연기력스토리감독의 표현력 모든면에서 최고였다 ,0.9920639395713806,10,10.0
다시봐도 감동적인 영화네요스토리도 배우도 탄탄하네요 ,0.9913597702980042,10,10.0
진심 인생영화 안보실분들 꼭 보길바래요  ,0.9860066175460815,10,10.0
예전에 보았었던 영화인데다시 봐도 감동이네요 너무 좋은 영화였어요 ,0.9918354749679565,9,9.0
몇번이고 다시봐도 좋네요 ,0.9920672178268433,10,10.0
오랜만에 마음 편하게  눈물 흘리고 가슴 따뜻하게  볼 수 있었던 영화 ,0.9914681911468506,9,9.0
모처럼 가슴을 따뜻하게히는 감동적인 영화였다첫사랑을 끝까지 지켜내며 사랑의결실로 죽는 그순간까지 사랑하는 사람과  함께한다는것  현재를 살아가는 이들에게 강추하고픈 영화였다 ,0.9907113909721375,10,10.0
이렇게 보는내내 가슴따뜻한 영화가 다시나올까요 ,0.9920274615287781,10,10.0
재개봉했다고해서 간만에 다시 봤는데역시에욯 ,0.7820114493370056,10,8.0
점도 부족한 인생영화 ,0.13252855837345123,10,1.0
옛날에 개봉한거 치고는 재미잇엇어용 ,0.9646744132041931,9,9.0
강추 꿀잼이에여 ,0.9919370412826538,10,10.0
애인이 슬픈눈물을흘리면서 보는모습을보고 저희도 같은상황이거든요 아무튼 약속하구 엉뚱한데로가서 저를 찾아요 ,0.6615201830863953,9,6.0
기대보단 별류 진부하지 않앗나 생각 ,0.4271838068962097,7,3.0
말로만 듣던 명작이었는데 로 안보고 영화관에서 볼 수 있어서 참 좋았어요 인생에서 선택을 하는 순간순간의 아름다움이 절절히 느껴졌어요 ,0.9917864203453064,10,10.0
상영중에 전화받는 사람때문에라도 또 볼 영화 ,0.803877592086792,10,8.0
재개봉해서 다시 보게 된 영화사랑하는 사람이랑 보게 돼서 그런지 더욱 더 와닿았던 영화 다시 또 보고싶은 영화네요 ,0.990871012210846,10,10.0
울다가 웃다가 하면서 감동깊게 봤어요 ,0.9919551014900208,10,10.0
정말 여운이 남는 영화였습니다이런 영화를 재 개봉 해주셔서 감사드립니다 ,0.9922060370445251,10,10.0
진정한 사랑 진실된 사랑 을 하고 싶은 영화에요 ,0.9920280575752258,8,8.0
오랜만에 다시 본 영화 최고입니다 ,0.9919732809066772,10,10.0
재개봉관에서 설레는 맘으로 보다가 어 어디서 보던 장면인데 싶었는데 아차차 몇 년 전 텔레비전에서 이미 본 영화였던 것 볼 때마다 새록새록 삶에 대한 사랑에 대한 성찰을 던져주는 좋은 영화 사랑에 관한 매우 완성도 높은 걸작 ,0.9916395545005798,10,10.0
영화는 혼자 봤지만 곁에 있는 사람의 소중함과 애틋함을 느낄 수 있는 영화였어요 이제서야 접하게 되어 아쉬울 뿐이네요 잘 봤어요 여운이 많이 남을 것 같아요 ,0.9914843440055847,10,10.0
왜 재개봉을 했는지 알겠네요  인생영화당첨 ,0.971255898475647,10,10.0
최고에요 엄청 우럭따 ,0.9887793064117432,10,10.0
학창시절 너무 좋아하던 영화였습니다  사랑하는 사람을 만나 같이 영화관에서 이 영화를 다시 보니 감회가 새롭네요 여전히 가슴 아리고 행복했습니다 ,0.9916771650314331,10,10.0
열정적인 사랑에 관한 영화 ,0.9884063005447388,8,8.0
뭉클하고  아름다운 사랑 그리고 인생이야기 ,0.9917235970497131,10,10.0
개봉당시에도 인기 있는 영화 였는데  그당시에는  오히려 인기영화는 보기 싫어서 노트북을 못 보고 지나갔고 티비에서도 여러번 해줬는데도 무슨 고집으로 안봤는지 이때까지 못봤네요재개봉 했다길래 예매하고 오늘 보고 왔는데 완전 감동 먹고 왔어요 ,0.9922086000442505,10,10.0
영원한 명작 포스터의 글귀 대로 사랑한다면 이들처럼 ,0.985230028629303,10,10.0
제일 좋아하는 영화를 극장에서 다시 보게되어 좋았습니당 ,0.9906871914863586,10,10.0
너무좋아요 진짜 사랑하고싶어졌어요 ,0.9920483231544495,10,10.0
슬픔과감동이 ,0.992199718952179,10,10.0
재밌어요 짱짱인생영화 ,0.9922810196876526,10,10.0
굿 역시 명작은 명작입니다 ,0.9925236105918884,10,10.0
아름다운 가슴이 따뜻한 영화였어요 ,0.9918128252029419,9,9.0
너무 감동적이고 이렇게 사랑하고 싶어요 ,0.9916927814483643,10,10.0
가슴이 뜨거워지는 영화 ,0.9921150803565979,10,10.0
재개봉영화는 이유가 있어요혼자서도 보시는뷴들많고 너무 아름답게 봤어요 ,0.9919231534004211,10,10.0
둘은 로맨스인데 버려진 사람들은 ,0.4229198098182678,7,3.0
정말 여운이 남는 영화네요 영화 좋아하시는분은 꼭 한번은 봐야 할거같습니다 ,0.9918530583381653,10,10.0
너무너무너무너무잼잇는영화 ,0.9920593500137329,10,10.0
둘의 사랑은 변하지 않았을까 ,0.9193850755691528,10,9.0
네 엄마가 있는 곳이 내 집이야단연 최고 입니다 ,0.9916252493858337,10,10.0
역시는 역시 명작답네요 ,0.9920904636383057,10,10.0
간만에 머리띵할때까지 펑펑 운 찐한 영화  ,0.992230236530304,9,9.0
내내 입가에 미소를 띠고 보다가 마지막에는 울면서 나왔네요 먹먹하면서 따뜻한 영화였습니다 ,0.9915717840194702,9,9.0
노트북 최고에요 정말 꼭 보시길 ,0.9913017153739929,10,10.0
남자주인공의 순정파 사랑에 감동받았어요 ,0.9924513697624207,9,9.0
예전에 봤던거 또 보는거지만 재밌어요 ,0.9921448826789856,9,9.0
진짜 정말 감동적인 영화였습니당  최고에욧  ,0.9924924969673157,10,10.0
너무나 잔잔한 뻔한 이야기지만 그래도 너무 좋고 슬픈 레이첼맥아담스 너무 사랑스러운 ,0.9917941689491272,9,9.0
재밌기도 했는데 그냥 너랑 봐서 좋았어 ,0.9242982268333435,10,9.0
내인생영화 리개봉한데서 다시봤는데 역시나감동 ,0.9919636249542236,10,10.0
오랫만에 관람한 멜로장르인데 나쁘지 않았네요 ,0.9923477172851562,9,9.0
좋은영화였습니다 다음에도 ,0.9923515915870667,10,10.0
두번봐도 명작 갓트북  감동적 ,0.9920336604118347,10,10.0
정말 잼있게 봤습니다 첫사랑에 대한 ,0.9916685819625854,10,10.0
완벽한 사랑 우리의 완전한 사랑 ,0.9877049922943115,10,10.0
인생영화꼭 봐야합니다 ,0.9923340082168579,10,10.0
시간을 두고 꼭 다시 보고싶은 영화  볼때마다 느끼는 감정은 또 다를 것같다너무나 아름답다 ,0.9918654561042786,10,10.0
너무 재미있게 봤습니다 감동적이네요 ,0.9920430779457092,10,10.0
말이 필요 없는 영화  실화라서 더 감동 ,0.9921547770500183,10,10.0
명작다시보니더좋았어요 ,0.9923921823501587,10,10.0
랩탑 노트북인줄만알고 있었는데 감명깊게 봤습니다 재미와 감동이 있습니다불륜이니어쩌고하는분들이 있는데 영화있는그대로 봐주시길 바랍니다 ,0.9921801090240479,10,10.0
너무 달달해서 좋았다 좋았다고 ,0.9922512173652649,9,9.0
정말 너무 집중해서 잘봤어요  명작  ,0.9921486377716064,10,10.0
결혼하고 남편이랑 꼭 보고싶었는데 다시 개봉한다고햐서 봤는데 정말 감동깊게 봤어요끝에서 남편도 울고 나도 울고 정말 이쁘게 살고싶네요 ,0.9913229942321777,10,10.0
감동적이게잘봣습니다 ,0.9921463131904602,10,10.0
엄마랑 같이 봤는데 엄마가 넘 감동받았네요 이미 봤던 영화였지만 역시 명작 ,0.9914804697036743,10,10.0
다시봐도 꾸르잼 넘나 재밌는것 ,0.9918156266212463,10,10.0
너무 감동적이에요후회없어용 ,0.9922105073928833,10,10.0
감동적인 영화입니다 ,0.9925029277801514,9,9.0
레이첼 맥아담스가 너무 사랑스럽다 ,0.9923250675201416,7,7.0
감동적인 진정한 사랑기억 ,0.9924170970916748,10,10.0
신선하면서 깨달음도 있고여러가지를 얻게 된 영화인 듯 ,0.9921777844429016,10,10.0
전혀 아쉽지 않다고 하면  거짓말이겠지만   요즘  세상에 보기힘든 따뜻한 로맨스가 있는 영화 ,0.9923744797706604,9,9.0
눈물이앞을가리는결말을알고있어도재밌는영화 ,0.9920876622200012,10,10.0
재개봉 한 이유가 있네요 명작 입니다 재밌습니다 ,0.9923622608184814,10,10.0
사랑이란 명제를 다시금 떠올리게 하는 오늘이였다 매순간 내선택은 내마음 전부였던가 ,0.9853996634483337,9,9.0
오랜만에 감성에 젖은 영화 ,0.9918588995933533,9,9.0
고백하고 같이살고 같아 간다는것 아름다운 이야기 ,0.9918801188468933,10,10.0
명작이라고해서 보러갔는데  재미있게  봤습니다 ,0.9923638105392456,10,10.0
찰나라고 생각했지만 영원이었던 사랑 ,0.9856761693954468,10,10.0
노아같은남자가 또워디있데냐 ,0.150067538022995,10,2.0
명작임 군대에서보고 또보러왔음 ,0.9922163486480713,9,9.0
정말 잔잔한 감동과 여운 인생영화 ,0.9918939471244812,10,10.0
슬프지만 감동적인 사랑얘기 ,0.9922662377357483,10,10.0
조조로 봤는데 생각보다 괜찮네요 영화가 아닌 현실의 앨리였다면 그래도 노아가 아닌 론을 택했을 거라 생각해서 별로 가슴에 와닿진 않았어요 그치만  마지막 순간까지 서로를 열렬하게 사랑한다는 건 정말 아름다운 일이네요 마지막 장면에 눈물이 핑 ,0.9921203851699829,8,8.0
로맨스와 불륜드라마의 사이 ,0.029755577445030212,8,0.0
역시명작기대한만큼 굳 ,0.9921896457672119,10,10.0
배울게 많았습니다 다방면에 연애방법을 배웠네요 ,0.9921653270721436,10,10.0
보고보고 또 보고도 또 보고싶은 영화 ,0.9918051958084106,10,10.0
울면서 봤어요 짱짱 ,0.9924606680870056,10,10.0
 명작이라 불릴 수 밖에 없는 우연들의 집합 ,0.9924311637878418,8,8.0
감동입니다 ,0.9909573793411255,10,10.0
뻔한 스토리 일지모르지만 그 애잔함은 결코 뻔하지않다 ,0.9916874766349792,9,9.0
인생영화에요정말잔잔한여운 또보고싶어요 ,0.9919114708900452,10,10.0
감동이다 재미있다 추천 ,0.9923673272132874,10,10.0
다시봐도좋았어요 꿈같은얘기 ,0.991847038269043,8,8.0
이건 진짜 휴 보는내내 몽글몽글 ,0.5283160209655762,10,5.0
노트북 다시봐도 좋습니다 ,0.9025673270225525,8,7.0
가슴 촉촉해집니다 첫사랑이 이렇게 이뤄질 수도 있네요 풍광이 넘 아름답습니다 나이 들어도 볼 수 있는 첫사랑 영화 강추 ,0.991332471370697,9,9.0
연출과 내용 모두 멋지다 ,0.9920831918716431,10,10.0
아무리봐도봐도 여운남고멋진영화 내 인생영화  ,0.9918872714042664,10,10.0
개도 아깝지않은  ,0.8014535903930664,10,8.0
너무 좋아요 영화관에서 다시 보니 더 좋았어요 ,0.9919431209564209,9,9.0
정말 감동적이에요  꼭 보세요 ,0.9923985600471497,10,10.0
가슴뭉클해지는 영화입니다 ,0.9921545386314392,10,10.0
오랜만에 다시 보게 되어서 좋았어요 ,0.9918578267097473,10,10.0
년이 된 영화인데도 식상하지 않은 감정선이었어요 ,0.9917621612548828,9,9.0
어렷을땜 감동적이엇지만 지금 보니 조금 유치했다 ,0.09687882661819458,7,1.0
너무 달달하고 열렬한 그런 사랑을 보니 나도 설렜지만 슬프고도 아름다웠다  한번쯤은 저런사랑 해본다면 후회가 없을거같다 ,0.9915655851364136,10,10.0
재밌었어요  로맨틱한 영화 굿뜨 ,0.9921189546585083,9,9.0
현재의 사랑은 소중하다 ,0.9375481605529785,10,9.0
평점을 내릴만한 이유가 어느것도 없다 나에겐 완벽한 영화 그리고 로맨스영화라기보단 한편의 판타지같은 영화 사랑합니다 노트북 ,0.82786625623703,10,8.0
따뜻한 사랑의 감정을감정을  잘표시한  넘 인간적영화 ,0.9920269846916199,9,9.0
집에서 로 보고 감동적이어서 집사람과 극장에서 다시 보앗네요눈물이 주룩  로멘스 영화를 좋아하시면 강추 ,0.9918907880783081,10,10.0
어릴때나 지금이나 세월이 지나면서 변하는건 나 뿐영화를 보면 난 앨리 였을 때 노아를 선택할까또 시간이 지나 다른 해에 보면 지금이랑 다른 생각을 하겠지만 영화가 끝나고 시간이 한참 지나도 가슴이 먹먹한자꾸 생각나는  ,0.9919829964637756,10,10.0
너무 재미있게 봤네요추천이요 ,0.9921625256538391,9,9.0
너무 좋아했던 영화가 다시 영화관에서 개봉해서 너무 좋았습니다 ,0.9922492504119873,10,10.0
지고지순의 끝 이런 사랑이 정말로 있다면 좋겠다 ,0.9924015998840332,10,10.0
추천추천추천추천추천 ,0.9914724230766296,10,10.0
감동 눈물 좋습니다 꼭 보세요  ,0.9923893809318542,10,10.0
네 엄마는 나의 집이란다 ,0.8910492062568665,10,9.0
와진짜 명작은 명작이네요 마지막장면에서 너무 감동받아서 폭풍눈물저런사랑을 죽기전에 한번이라도 하면 진짜 후회없는 인생일듯 ,0.9914596080780029,10,10.0
끝까지 곁에 남아주는 사람이 있음에 부러운 ,0.5951950550079346,10,6.0
기대보단 별로였지만 그래도 이 정도면 로맨스 명작 ,0.9923776388168335,7,7.0
한국에서 유독 인기몰이 했다길래 조조로 오늘 봄 생각에 낭만적이기만 한 뻔한 애정영화일거라 생각했는데 인생과 죽음에 대해서 생각해보게 한 현실적인 드라마물 ,0.9918443560600281,9,9.0
소개 받은 여자와 두번째 만남때 보게되었습니다 중학생때 한번 보고 두번째로 봤는데 역시 최고 그리고 저는 여자친구가 생겼습니다 ,0.9917992353439331,10,10.0
세 관람인데 조금 선정적인 부분이 있었다저체적인 느낌을 표현하기위한 최소한이라 이해했다 ,0.22083590924739838,7,2.0
년만에 다시 본 영화인데 너랑 봐서 새롭고 더 뭉클하고 감동이었다 ,0.9916461110115051,10,10.0
지금까지 본 영화중에 최고로 감동적인영화 그리고 아쉬울 장면이 없는 영화 다시 꼭 사랑하는 사람이랑 보고싶은 영화 ,0.9913781881332397,10,10.0
영화가 재개봉되는 동안 저도 많이 변한 것 같아요 처음 영화를 봤을 때랑 지금이랑 다르네요 확실한 건 그렇게 사랑받는 여주가 너무 부럽다는 겁니다 ,0.9825533032417297,10,10.0
예나지금이나 너무 가슴 따뜻한 영화에요 ,0.9923692941665649,10,10.0
 중반에 주책맞게 영화를 보면서 눈물을 흘렸네 ,0.7701603174209595,9,7.0
아주 재밌고 슬프펑감동적 ,0.9921896457672119,10,10.0
너무공감가는 주옥같은 대사들  ,0.9924513697624207,9,9.0
보고나서 바로 다시보고싶은 영화 ,0.992214024066925,10,10.0
오랜만에 로맨스영화를봤는데너무나도 아름답고 감동적인 영화마지막장면엔 눈물이 ,0.9915282726287842,10,10.0
재밌었어요 레이첼맥아담스 넘 예뻐요 ,0.9915047287940979,9,9.0
감동이예요 최고입니다 ,0.9925149083137512,10,10.0
역시 다시봐도 명작이네요 ,0.9918919801712036,10,10.0
번봤는데 극장서 드뎌 정말좋았어요 ,0.9923055768013,10,10.0
재밌었다 살짝 영화   가 떠오르는 영화 주인공들이 넘 예쁘고 옛날 색감이 많이 나는 영화  살짝 진부할 수도 있음 ,0.9919108748435974,8,8.0
감동적이였어요  ,0.9924944639205933,10,10.0
하 진짜 너무 재밌고 보는내내 울었어용 ,0.9921108484268188,10,10.0
보고 또 봐도 볼때마다 감동의 눈물을 흘리게 되는 영화네요사랑스러운 영화   ,0.9915862083435059,10,10.0
정말 감동적이네요  ,0.9923789501190186,10,10.0
와보는 내내 감동이였던  왜 재개봉했는지 알겠어요 ,0.7773035168647766,10,8.0
사랑의절벽 사랑을 통해 행복해지는 삶을 넘 감동적으로 잘 그렷네요 ,0.9915149211883545,9,9.0
정말 재미있습니다꼭 보세요 ,0.9924502372741699,10,10.0
재미지다 ,0.9768314957618713,10,10.0
전개가 상상되지만 알고도 감동이 쥬륵 ,0.992280125617981,8,8.0
극장에서 보는 노젓는 씬은 정말 예술이었다 ,0.8428654074668884,10,8.0
예전의 감동이  다시  살아나네요 ,0.9908588528633118,9,9.0
다시 보고싶은 엉화얏습미다 너무 지밋어요 ,0.9923526644706726,8,8.0
년 전에 봤던 노트북과 년후에 본 노트북은 느낌이 다르네요 ,0.6858786940574646,8,5.0
열번은 봤지만 다시 봐도 좋은 영화 ,0.9919902682304382,10,10.0
옛날부터 보고싶었던 영화인데 기대를 져버리지 않는 영화였어요 너무 좋은 영화 다음에 또 보고싶은 영화 앨리와 노아같은 사랑하고싶네요 정말 추천합니다 ,0.9914568066596985,10,10.0
약혼남이 불쌍하긴하네요 ,0.30959245562553406,9,3.0
영화를 한 번이상 잘 보지않는데  이영화는 네번이나 봤다 지루할틈없이 내용이 전개된다그들의 사랑이 정말 감동적이다 ,0.9920368194580078,10,10.0
처음에 봤을때보다 또다시 봤을때 더 깊이 공감이 되고 본연의 내모습을 볼 수 있는 진짜 사랑이 무엇인지 보여준 영화라고 생각합니다 보는 내내 너무 좋았습니다 ,0.9914734363555908,10,10.0
너무첫사랑이생각나는영획고결말이너무여쁩니딘 ,0.8181836605072021,10,8.0
언제나 다시봐도 최고의 인생 영화  ,0.9918513894081116,10,10.0
감동적인 영화였어요 ,0.9924681782722473,10,10.0
점도모자라다 아름다운동화를 본느낌 행복했어요 ,0.9908626079559326,10,10.0
아무 생각 없이 봤다가 눈물 콧물 쏙뺀 영화 ,0.9455774426460266,8,8.0
처음본건데 나쁘지않네요 재밌습니다 여주가 되게 사랑스러워요  ,0.9919468760490417,10,10.0
현재나 지금이나 많은 커플들에게 교훈이될수있는영화  정답은 없음  ,0.8263170719146729,10,8.0
너무 감동적이고 좋은내용이네요 ,0.9923132061958313,10,10.0
역시졸잼맥아담스 너무 이쁘다 ,0.9857847094535828,10,10.0
재밌었다 너와 함께라서 ,0.9923424124717712,10,10.0
감명깊게 잘봤습니다 정말 멋진 영화입니다 ,0.9920297861099243,10,10.0
최고좋은 영화와 여자친구의 눈물을 함께 봤네요추천요 ,0.9923843741416931,10,10.0
사랑한다면  노아처럼  ,0.8974229693412781,10,9.0
더도 덜도 안해서 그냥 멜로물뭔가 본거같은 스토리 ,0.017956435680389404,6,0.0
 영화가 끝났는데도아직도 여운이 남아있네요 ,0.9920823574066162,10,10.0
잔잔한 감동을 준영화 잘봤습니다 ,0.9923239946365356,9,9.0
너무아룸답고 사랑스럽고 안타깝고 슬프고 행복한 영화 였어요  ,0.9922237396240234,9,9.0
다시봐도 너무 재미있는 영화예요 영화관에서 연인과 다시 한번 볼것을 추천해요 ,0.9916310906410217,10,10.0
명작입니다  잘봤습니다 ,0.9924702644348145,10,10.0
뻔한 스토리에 감동을 불어넣는 능력알면서도 울수밖에 없었다 ,0.847316324710846,9,8.0
명불허전 노트북 재개봉하는 이유가 있음 근 하도봐서 지겨움 ,0.032586678862571716,10,0.0
번은 본것같은영화를 영화관에서 보게 되다니 너무 행복 ,0.9922755360603333,10,10.0
순수하고 풋풋한 사랑을 느끼게 해준 ,0.991690993309021,9,9.0
명작이에요 티비에서 할때 조금씩 보다말았는데 재개봉하니 다시 볼수있고좋아요 ,0.9916266202926636,9,9.0
년전에봤을때랑지금봤을때 느낌이너무다르네요 너무재밋게 봤습니다 ,0.9918230175971985,8,8.0
안녕 내 인생영화 영화관에서 보게 되다니 너무 기뻐오빠랑 봐서 더 행복해 ,0.9924772381782532,10,10.0
인생영화눈물이계속났다 ,0.9923805594444275,10,10.0
완전슬픔  ,0.9821041226387024,10,10.0
충분히 예상되는 시나리오지만 잔잔한 감동이 굿 ,0.9923064112663269,9,9.0
내 인생영화   영화관에서 봐서 너무 좋았어요 ,0.991932213306427,10,10.0
넘나 감동적이에요 인생영화 ,0.9921046495437622,10,10.0
슬펐어요 ,0.925053060054779,10,9.0
아름다운 옛 이야기를 들었다 ,0.9919486045837402,9,9.0
눈물흘리고왓어요 로맨스로는 최고 ,0.9897328019142151,10,10.0
절절한 사랑 이야기 평생 한 사람만 사랑한다는 건 참 대단하면서 아름답고 멋지다 ,0.9916442036628723,8,8.0
첫사랑로맨스의 정석같은 작품 ,0.9820050001144409,10,10.0
풋풋한 두배우의 연기도 좋았지만 나이 들어서도 끝까지 그 사랑을 놓지않고 지켜주는 모습이 무척 아름다웠습니다 ,0.9913992881774902,8,8.0
너무 좋아하는 영화라 남자친구 데리구 같이 보고왔어요 저는 내용을 다 알아서 처음부터 슬펐습니다 눈물이 주륵주륵 ,0.9922953844070435,10,10.0
따뜻한 영화 사랑은 연합이네요 ,0.6682100892066956,10,7.0
제가 가장 좋아하는 영화 인정합니다 ,0.9916499853134155,10,10.0
노년의 사랑은 아름다웠지만공감은 잘 ,0.44074752926826477,7,3.0
다시 봐도 멋진영화 입니다 ,0.9921826720237732,9,9.0
너무좋았어요 사랑스러운영화네요 ,0.9920768737792969,9,9.0
너무 좋았어요 인생영화 맘이 따뜻해지는 영화에요 ,0.9915913343429565,10,10.0
다시 봐도 정말 따뜻하고 재밌는 스토리네요 즐겁게 울며 보고 나왔습니다 ,0.9914626479148865,10,10.0
배경도 휼륭하고 짜임새  있는 완전 좋아하는 영화여요몇년전에 다운받아서 봤는데 새로운더 찐한 감동이 몰려오네요강추강추  ,0.9915297031402588,10,10.0
감동적이고 재밌었어요 ,0.9919658899307251,10,10.0
너무감동적이다 다시 보고싶다 ,0.992041289806366,10,10.0
시 영화인줄 알았는데 알고보니 시였네요 부랴부랴 가서 좀 사정을 얘기했더니 직원이 이상하게 쳐다보네요 영화못보고 원 잘 날렸습니다 너무하네 진짜 롯데시네마 센텀점 ,0.07037835568189621,1,0.0
다시봐도 정말 감동적인 영화 ,0.991826057434082,10,10.0
내 인생 영화영화관에서 못본 한을 풀었다 ,0.9919047355651855,10,10.0
재미있습니다 잔잔하고도 찡한감동이 있는 얘기네요 ,0.9919822812080383,10,10.0
같이 본 친구가 안 슬펐다고 했다 ,0.2318277806043625,10,2.0
애인이랑 봤는데 둘다 울고나왔어요재개봉 할만한 영화인듯꼭 보세요 ,0.9918745160102844,10,10.0
평생소장하고싶은 영화에요 감동입니다 ,0.9921410083770752,10,10.0
남자친구가 너무 울어서 귀여웠어요 ,0.9923031330108643,9,9.0
다시봐도 여운이 많이 남는 남주의 대사 여주의 표정이 좋은 로맨스 영화 ,0.991776704788208,10,10.0
보고 나니 연애가 아닌 사랑이 하고 싶어졌다 ,0.9920271039009094,9,9.0
영화속 주인공들이 부럽네요 ,0.585571825504303,9,5.0
노트북을 영화관에서 보게 되다니 ,0.2495998740196228,10,2.0
저에게도 이런 사랑이 왔으면 좋겠습니다 노아와 앨리의 사랑이 너무나 절절해서 가슴이 아프네요 ,0.9918471574783325,10,10.0
영화관에서 꼭 보고 싶었는데 아주 잘 봤어요나중에 또 이런 좋은 영화 개봉하면 보라 와야겠네용라이언고슬링 짱 멋져요추천합니다 ,0.9921295046806335,10,10.0
사랑에 대한 고찰은 가능케 해줌 ,0.9383546113967896,9,8.0
재개봉한다고해서 다시 보았네요가을에보기 딱 좋은 영화에요배경도 스토리도 참 아름답습니다 ,0.9919707775115967,10,10.0
몇 번을 봐도 감동을 주는 훌륭한 영화예요 ,0.9919689297676086,10,10.0
오랜만에 스크린으로 보니 정말 즐거웠습니다재밌었어요 ,0.9918780326843262,10,10.0
하나 하나 명장면과 명대사로 가득한 깊은 곳 까지 여운을 남기고 끝나버린 사랑스러운 영화 ,0.9915878176689148,10,10.0
한번꼭보세요 감동있는영화 ,0.9924254417419434,8,8.0
볼때마다 새로운 영화언제봐도 아름다운 사랑이야기 ,0.9920094013214111,10,10.0
엔딩이 아쉬워해애 ,0.21500764787197113,9,2.0
보는내내 눈물이 주르륵  정말 감동적이에요   ,0.9920291900634766,10,10.0
영화보는 내내  재미있었어요 ,0.992266833782196,9,9.0
짱잼이었어요 감동옹무한감동 ,0.9922860860824585,10,10.0
역시 인생영화 이영화를 영화관에서 보다니 감격의 눙무리 ,0.9459134340286255,10,9.0
역시 최고의 영화입니다 ,0.9922612309455872,10,10.0
익숙한 내용이었지만 볼만했어요 ,0.9870326519012451,8,8.0
내가하고있는사랑에생각이많이들게하는영화담에또재개봉한다면또보고싶은영화 ,0.9917616844177246,10,10.0
레이챌 맥 아담스가 연기한 앨리는 누군가를 떠올리기에 충분했다 ,0.9810390472412109,10,10.0
잘봤습니다 이런 사랑하고 싶네요 ,0.9925236105918884,10,10.0
보고 또 봐도 인생 영화 볼 때마다 오열해요 ,0.9921398758888245,10,10.0
사랑하기전엔 이영화를 본게 본게 아니였더라 ,0.5828568935394287,10,6.0
넘 감동적이고 본받고픈 사랑 ,0.9919493198394775,8,8.0
아아아주 아름답고 여운이남는영화 레이첼을때리고싶었다 ,0.9918557405471802,10,10.0
정말 재미있게봤습니다 ,0.9922263622283936,10,10.0
마지막이 아쉬웠다 레이첼 맥아담스는 왜이렇게 예쁜지 ,0.8696246147155762,8,7.0
재미있었다 몇번을 봐도 재미있었다 ,0.9918524622917175,10,10.0
재미잇어요 다시개봉한이유가잇어요 ,0.9924088716506958,10,10.0
순수하게 사랑했던 순간이 기억나고 사랑의 방식에 대해 생각하게 만드는 영화 ,0.9917430281639099,8,8.0
먹막하다인생에 이런사랑을 하고 받을 수 있다면감사하며 맘껏 사랑할텐데 할수만 있다면  ,0.9720832705497742,10,10.0
몇번을 봐도 감동적인 영화입니다 영화가 끝난뒤에도 여운이 가시질않네요 ,0.9917086958885193,10,10.0
현실에서 다시 낭만을 일깨워주는 영화 ,0.9918991327285767,10,10.0
재밌었습니다 꼭 보세요  ,0.9925008416175842,10,10.0
내 인생 영화라할수있는 영원한작품 ,0.9921425580978394,10,10.0
말로 형용할 수 없는 최고의 감정 ,0.9922524094581604,10,10.0
첫사랑은 잊을 수 없는 사랑인걸까우리는 왜 첫사랑을 잊지못하는가를 알려주는 영화 ,0.9903669357299805,8,8.0
가을에 딱 어울리는 영화다 감미롭고 감성이 풍부해지는 느낌이랄까 ,0.991967499256134,9,9.0
제가 제일 좋아하는 영화입니다 영화관에서 보게되어 기뻐요 ,0.9920445680618286,10,10.0
다시봐도 굿나도 이런사랑 해봤으면 ,0.9900668859481812,10,10.0
그냥 무조건한 세번봐야함 ,0.8213118314743042,10,8.0
